name,city,address,website,phone,rating
No. 1 China,Gulf Shores,"5701 Moffett Rd unit 1, Gulf Shores, AL",https://www.beyondmenu.com/56279/mobile/no--1-china-mobile-36618.aspx,(251) 344-5700,4.3
Pedros Tacos & Tequila Bar,Gulf Shores,"13584 Perdido Key Dr, Gulf Shores, FL",https://pedrostacosandtequilaperdidokey.com/,(850) 492-1701,4.3
Siam Thai Restaurant,Gulf Shores,"7164 N 9th Ave, Gulf Shores, FL",http://www.siamdiner.com/,(850) 266-5550,4.3
Taste of India Destin,Gulf Shores,"385 Harbor Blvd, Gulf Shores, FL",http://www.destintasteofindia.com/,(850) 353-2890,4.7
The District: Seville Steak & Seafood,Gulf Shores,"123 E Government St, Gulf Shores, FL",http://www.districtsteaks.com/,(850) 332-5224,4.4
Yak The Kathmandu Kitchen-Daphne,Gulf Shores,"28600 US-98 suite d, Gulf Shores, AL",https://thekathmandukitchen.com/,(251) 264-2046,4.2
Yummy House,Gulf Shores,"1385 Shoreline Dr, Gulf Shores, FL",http://yummyhouseayce.com/,(850) 203-1156,4.6
Asian Fusion Pensacola,Gulf Shores,"10401 Chemstrand Rd, Gulf Shores, FL",https://asianfusionpensacola.com/,(850) 281-9184,4.9
Peter B's Sports Grill,Gulf Shores,"590 E 9 Mile Rd, Gulf Shores, FL",http://delunalanes.com/peter-bs.php,(850) 478-9522,4
Lauria's Italian Bar & Bistro,Gulf Shores,"25637 Canal Rd, Gulf Shores, AL",https://www.facebook.com/LauriasOrangeBeach,(251) 999-9449,4.5
Dinner India,Gulf Shores,"201 S New Warrington Rd, Gulf Shores, FL",http://www.dinnerindia.com/,(850) 466-5770,4.4
Bangkok Thai Cuisine,Gulf Shores,"3821 Airport Blvd, Gulf Shores, AL",http://www.bangkokthaicuisinemobile.com/,(251) 344-9995,4.1
Golden Chariot Indian Restaurant,Gulf Shores,"18201B Biscayne Blvd, Gulf Shores, FL",https://www.goldenchariotindianrestaurant.com/,(305) 816-6484,4.8
Shiso Japanese Restaurant,Gulf Shores,"6945 Airport Blvd, Gulf Shores, AL",https://www.dineatshiso.com/,(251) 384-8080,4.3
Mr. Teriyaki,Gulf Shores,"4104 Barrancas Ave Unit B, Gulf Shores, FL",http://mrteriyakipensacola.com/,(850) 455-9918,3.4
The Oar House,Gulf Shores,"1000 S Pace Blvd, Gulf Shores, FL",http://www.oarhousepensacola.com/,(850) 549-4444,4.5
Nippon Sushi,Gulf Shores,"Cordova Mall, Gulf Shores, FL",https://nipponsushifl.kwickmenu.com/,(850) 497-6709,4.4
Taste of Thai,Gulf Shores,"2548 Gulf Breeze Pkwy, Gulf Shores, FL",http://www.tasteofthaillc.com/,(850) 934-1233,4.4
Biryani Pot,Gulf Shores,"758 Downtowner Blvd, Gulf Shores, AL",http://www.biryanipotmobile.com/,(251) 888-0999,4.4
The Oyster House,Gulf Shores,"Gulf Shores, AL",https://www.originaloysterhouse.com/,,4.5
Thai Table LLC,Gulf Shores,"17052 US-431, Gulf Shores, AL",https://thaitablekitchenal.smiledining.com/,(256) 357-1032,4.8
Sakura Sushi & Hibachi,Gulf Shores,"4276 McCrary Rd # A, Gulf Shores, AL",http://www.sakuramm.com/,(251) 649-1689,4.6
Yak The Kathmandu Kitchen,Gulf Shores,"3210 Dauphin St, Gulf Shores, AL",https://thekathmandukitchen.com/,(251) 287-0115,4
Hurricane Grill & Wings Orange Beach,Gulf Shores,"26000 Perdido Beach Blvd, Gulf Shores, AL",https://locations.hurricanewings.com/ll/US/AL/Orange-Beach/25755-Perdido-Beach-Blvd,(251) 981-3041,4.1
Hector's Mexican Grill,Gulf Shores,"13160 Sorrento Rd r, Gulf Shores, FL",https://hectors-mexican-grill.square.site/,(850) 616-6607,4.6
Thai Street Food By Chef Eddy,Gulf Shores,"4400 Bayou Blvd suite 55, Gulf Shores, FL",https://www.thaistreetfoodbychefeddy.com/,(850) 207-5992,4.7
Chicken Salad Chick,Gulf Shores,"160 Cotton Creek Dr Unit 290, Gulf Shores, AL",https://chickensaladchick.com/gulf-shores-al,(251) 240-0058,4.6
Dharma Blue,Gulf Shores,"300 S Alcaniz St, Gulf Shores, FL",http://www.dharmablue.com/,(850) 433-1275,4.5
Islanders Restaurant & Bar,Gulf Shores,"1504 Bienville Blvd, Gulf Shores, AL",https://islandersrestaurantbar.cfd/,(251) 861-2225,3.7
Bistrology Breakfast & Brunch,Gulf Shores,"21 W Romana St, Gulf Shores, FL",https://www.bistrology.restaurant/pensacola,(850) 757-7376,4.9
Cheeseburger Randy's,Gulf Shores,"209 S Alston St, Gulf Shores, AL",https://cheeseburgerrandys.com/,,4.9
El Jacal Mexican Grill,Gulf Shores,"903 Main St #2089, Gulf Shores, AL",https://eljacalmexicangrill.com/,(970) 867-1115,4
Sauce Boss Burger Co.,Gulf Shores,"315 N Tarragona St, Gulf Shores, FL",http://saucebossburger.com/,(850) 696-6820,4.5
Proper Burger Downtown Pensacola,Gulf Shores,"9 E Garden St, Gulf Shores, FL",http://harrysproperburger.com/,(850) 969-7014,4.4
New Hong Kong House,Gulf Shores,"5912 N Davis Hwy ste c, Gulf Shores, FL",https://newhongkonghouse.net/,(850) 280-8888,4.6
Xian Noodle Place,Gulf Shores,"6014 N 9th Ave, Gulf Shores, FL",https://www.xiannoodleplacefl.com/,(850) 741-4254,4.6
Amelia's Deli,Gulf Shores,"2200 E 2nd St, Gulf Shores, AL",http://ameliasdeli.com/,(251) 968-8333,4.7
The Curry Modern Indian,Gulf Shores,"607 Andrew Jackson Way NE, Gulf Shores, AL",http://www.thecurryrestaurant.com/,(256) 517-8017,4.6
A Mano Panino,Gulf Shores,"1010 N 12th Ave Suite 128, Gulf Shores, FL",https://www.amanopanino.com/,(850) 400-3657,5
El Patron Mexican Grill,Gulf Shores,"830 N Navy Blvd, Gulf Shores, FL",https://www.orderelpatron.com/6786acf092592f438e811364,(850) 285-0511,4.2
Crabs,Gulf Shores,"6 Casino Beach Boardwalk, Gulf Shores, FL",http://www.crabswegotem.com/,(850) 932-0700,4.7
Jaime's Local Seafood Shack,Gulf Shores,"13506 Perdido Key Dr suite 101, Gulf Shores, FL",https://jaimeslocalseafoodshack.com/,(850) 207-7270,4.8
Ginny Lane Bar and Grill,Gulf Shores,"4851 Wharf Pkwy E suite D100, Gulf Shores, AL",http://ginnylanebargrill.com/,(251) 224-6500,4.1
Grape Garden,Gulf Shores,"400 N Navy Blvd #7, Gulf Shores, FL",https://www.grapegardenrestaurant.com/,(850) 457-6598,4
Wacked Out Weiner Gulf Shores,Gulf Shores,"3800 Gulf Shores Pkwy #340, Gulf Shores, AL",https://wackedoutweiner.com/gulf-shores-alabama,(251) 948-0988,4.8
Vinny's Pizzeria,Gulf Shores,"4651 Main St K-1, Gulf Shores, AL",http://vinnys.pizza/,(866) 743-7669,4.1
Thai To-Go,Gulf Shores,"5260 Gulf Breeze Pkwy, Gulf Shores, FL",https://thai-to-go-109686.square.site/,(850) 217-6969,4.8
Pub 6,Gulf Shores,"18948 Oak Rd W, Gulf Shores, AL",https://pub6gulfshores.com/,(251) 213-2600,4.5
Holi Indian Kitchen,Gulf Shores,"10859 Emerald Coast Pkwy Suite 103, Gulf Shores, FL",https://holirestaurants.com/,(850) 353-2630,4.4
Aunt Katie's Breakfast,Gulf Shores,"3102 E Cervantes St, Gulf Shores, FL",http://www.auntkatiesbreakfastnlunch.com/,(850) 857-8290,4.7
ZENSHI Handcrafted Sushi,Gulf Shores,"13390 Perdido Key Dr, Gulf Shores, FL",https://www.zenshisushi.com/,(850) 492-5090,5
Tokyo Japanese Steak House & Sushi Bar,Gulf Shores,"312 E 9 Mile Rd #4, Gulf Shores, FL",https://www.facebook.com/Tokyo-Japanese-Steakhouse-and-Sushi-Bar-103413185148492/,(850) 479-9111,4.3
Siam Thai Cuisine,Gulf Shores,"915 Hillcrest Rd C, Gulf Shores, AL",https://siamthaicuisine-mobile-al.com/,(251) 380-9111,4.7
Deep Blue Food Truck,Gulf Shores,"13595 Perdido Key Dr, Gulf Shores, FL",https://deep-blue-food-truck.ueniweb.com/,(850) 602-1610,4.6
Japanese Express,Gulf Shores,"2423 Schillinger Rd S, Gulf Shores, AL",http://japaneseexpress36695al.com/,(251) 447-2218,4.5
Taco Fiesta,Gulf Shores,"1316 Gulf Shores Pkwy, Gulf Shores, AL",https://m.facebook.com/TacoFiestaStreetTacos,(251) 265-1084,4.5
Tetsujin Japanese Sushi & Hibachi Grill,Gulf Shores,"2413 Dawes Rd, Gulf Shores, AL",https://tetsujinjapanesesal.com/,(251) 639-9108,4.5
Uncle Jiang,Gulf Shores,"8952 Pensacola Blvd, Gulf Shores, FL",http://www.unclejiang.com/,(850) 477-9191,4.2
Ichiban,Gulf Shores,"5555 N Davis Hwy, Gulf Shores, FL",https://www.ichiban2kalbi.com/,(850) 494-2227,4.5
The Clubhouse Bar & Grill,Gulf Shores,"3840 Cotton Creek Cir, Gulf Shores, AL",https://craftfarms.com/bar-and-grill/,(251) 968-3002,4.8
Cactus Cantina Gulf Shores,Gulf Shores,"25908 Canal Rd, Gulf Shores, AL",http://mycactuscantina.com/,(251) 943-8115,4.4
Taste of Jerusalem,Gulf Shores,"2805 W Cervantes St, Gulf Shores, FL",http://www.tasteofjerusalemfl.com/,(850) 466-3648,4.5
Tokyo Asian Cuisine,Gulf Shores,"94 Plantation Pointe Rd, Gulf Shores, AL",http://fairhopetokyo.toast.site/,(251) 990-2218,4.4
Bird Dog Chicken Company,Orange Beach,"4575 Orange Beach Blvd #106, Gulf Shores, AL",http://www.birddogchickencompany.com/,(251) 303-8555,4.3
Jesses Restaurant,Gulf Shores,"14770 Oak St, Gulf Shores, AL",http://www.jessesrestaurant.com/,(251) 965-3827,4.7
HWY TO INDIA,Gulf Shores,"1408 Bienville Blvd suite h, Gulf Shores, AL",https://hwytoindia.com/,(228) 447-3494,4.8
Tandoor Indian Cuisine,Gulf Shores,"3674 Airport Blvd Service Rd, Gulf Shores, AL",https://www.tandoorindiancuisineal.com/,(251) 341-6171,4.5
See-Wee-Roll Japanese Restaurant,Gulf Shores,"4721 Airport Blvd, Gulf Shores, AL",https://see-wee-roll.com/,(251) 525-9070,4.4
Soul Bowlz,Gulf Shores,"1545 Gulf Shores Pkwy, Gulf Shores, AL",https://soulbowlz.com/,(251) 948-7685,4.3
Sushi Masa Pensacola,Gulf Shores,"4731 Bayou Blvd, Gulf Shores, FL",http://www.sushimasaus.com/,(850) 898-3674,4.4
Sunliner Diner Gulf Shores,Gulf Shores,"100 E 2nd Ave, Gulf Shores, AL",https://www.sunlinerdiner.com/,(251) 937-6590,4.8
Chef Sake's Restaurant and Sushi Bar,Gulf Shores,"5821 Old Shell Rd suite c, Gulf Shores, AL",http://www.chef-sake.com/,(251) 445-8490,4.8
Jackson's Steakhouse,Gulf Shores,"400 S Palafox St, Gulf Shores, FL",http://jacksonsrestaurant.com/,(850) 469-9898,4.5
Salty Pearl Raw Bar and Steamer,Gulf Shores,"13470 Perdido Key Dr, Gulf Shores, FL",https://saltypearlrawbar.com/,(850) 741-2478,4.8
Vallartas Mexican Restaurant,Gulf Shores,"10447 Sorrento Rd, Gulf Shores, FL",https://vallartarestaurant.shop/,(850) 455-9742,4.3
Otaku Japanese Cuisine,Gulf Shores,"1741 E 9 Mile Rd, Gulf Shores, FL",https://www.otakujapanesecuisine.com/,(850) 285-0289,4.5
Rodizio Grill Pensacola,Gulf Shores,"605 E Gregory St, Gulf Shores, FL",https://www.rodiziogrill.com/pensacola/,(850) 466-2113,4.5
Lao Ocean,Gulf Shores,"368 Gulf Breeze Pkwy, Gulf Shores, FL",https://www.laooceanfl.com/,(850) 733-9789,4.6
Pizzaiolli Italian Cuisine,Gulf Shores,"1350 S Blue Angel Pkwy Unit A, Gulf Shores, FL",http://pizzaioliitaliancuisine1.com/,(850) 285-0822,4.5
Wako Japanese Cuisine,Gulf Shores,"5045 N 9th Ave, Gulf Shores, FL",https://www.wakojapanesecuisine.com/,(850) 607-7740,4.5
El Paso Mexican Grill,Gulf Shores,"5490 Mobile Hwy, Gulf Shores, FL",https://tryelpasopensacola.com/,(850) 378-8553,4.2
Thai Time Restaurant,Gulf Shores,"3821 Airport Blvd, Gulf Shores, AL",https://thaitimemobile.com/,(251) 344-9995,4
Nami Sushi,Gulf Shores,"25908 Canal Rd H, Gulf Shores, AL",https://namisushi25908.com/,(251) 200-0424,4.8
Fuji Sushi & Grill Pensacola,Gulf Shores,"6235 N Davis Hwy Unit 115, Gulf Shores, FL",https://fujisushigrillpensacola.kwickmenu.com/,(850) 332-7788,4.2
HIMALAYAN NEPALI CUISINE,Gulf Shores,"312 Schillinger Rd S c, Gulf Shores, AL",https://www.namastenepalirestaurant.net/,(251) 725-0904,4.7
Shrimp Basket,Gulf Shores,"26651 Perdido Beach Blvd, Gulf Shores, AL",https://shrimpbasket.com/,(251) 200-4975,4.4
China Chef Chinese Restaurant,Gulf Shores,"2667 SpringHill Ave, Gulf Shores, AL",http://chinachefal.com/,(251) 476-2828,4.1
DESI TADKA INDIAN RESTAURANT,Gulf Shores,"DESI BROTHERS Plaza, Gulf Shores, AL",https://desitadkaalabama.com/,(205) 224-4007,4.8
Foodcraft,Gulf Shores,"21196 E Beach Blvd, Gulf Shores, AL",https://foodcraftgsp.com/,(251) 923-2950,4.2
Indian Kitchen,Gulf Shores,"4800 Whitesburg Dr #21, Gulf Shores, AL",https://indiankitchenal.com/,(256) 715-0134,4.3
Sake Cafe Pensacola,Gulf Shores,"4880 N 9th Ave, Gulf Shores, FL",http://www.sakecafepensacola.com/,(850) 494-9999,4.4
Thai & Sushi Asian Cuisine,Gulf Shores,"9091 US-90 building 2 unit c, Gulf Shores, AL",https://www.thaisushiasiancuisine.com/,(251) 232-6107,4.6
Asia Buffet,Gulf Shores,"4238 W Fairfield Dr, Gulf Shores, FL",http://www.asiabuffetfl.com/,(850) 857-8899,4.3
Thai Curry House,Gulf Shores,"8200 US-98, Gulf Shores, FL",https://thaicurryhouse.com/,(850) 466-5748,4.6
Thai Rice Restaurant,Gulf Shores,"7175 N Davis Hwy suite j, Gulf Shores, FL",http://thairicefl.com/,(850) 542-4316,4.5
Koi Sushi,Gulf Shores,"2 E 9 Mile Rd ste 4, Gulf Shores, FL",https://www.koipensacola.com/,(850) 912-6686,4.6
Teak House,Gulf Shores,"1703 US-98 Suite J, Gulf Shores, AL",http://teakhousethai.com/,(251) 625-8680,4.2
LongHorn Steakhouse,Gulf Shores,"3810 Gulf Shores Pkwy, Gulf Shores, AL",https://www.longhornsteakhouse.com/locations/al/gulf-shores/gulf-shores/5313,(251) 967-3480,4.4
Cazadores Mexican Restaurant,Gulf Shores,"8183 W Fairfield Dr, Gulf Shores, FL",http://cazadoresofthegulf.com/,(850) 457-4747,4.2
Pizza At The Pass,Gulf Shores,"27267 Perdido Beach Blvd C2, Gulf Shores, AL",https://www.pizzaatthepass.com/,(251) 240-0500,4.5
Ohana Poke & Teriyaki,Gulf Shores,"10179 Eastern Shore Dr Ste 104, Gulf Shores, AL",https://ohanapoketeriyaki.fronteats.com/,(251) 210-4715,4.8
Doc's Seafood and Steaks,Gulf Shores,"24221 Perdido Beach Blvd, Gulf Shores, AL",http://docsseafoodandsteak.com/,(251) 281-0888,4.1
Niki's Seafood & Thai,Gulf Shores,"22641 Canal Rd, Gulf Shores, AL",http://www.nikisseafoodthai.com/,(251) 981-1833,4.3
Alice MaMa Thai Cafe,Gulf Shores,"4104 Gulf Breeze Pkwy, Gulf Shores, FL",https://alicemamathaicafe.com/,(850) 733-9012,4.9
Stephi Cocktails & Cuisine,Gulf Shores,"25241 Perdido Beach Blvd Unit 101, Gulf Shores, AL",http://stephicuisine.com/,(251) 981-9800,4.6
Flora-Bama,Gulf Shores,"17401 Perdido Key Dr, Pensacola, FL",https://www.florabama.com/,(850) 492-0611,4.7
Tacky Jacks Gulf Shores,Gulf Shores,"240 E 24th Ave, Gulf Shores, AL",http://tackyjacks.com/,(251) 948-8881,4.4
Charm Thai Kitchen & Sushi Bar,Gulf Shores,"960 Schillinger Rd S, Gulf Shores, AL",https://www.facebook.com/charmthaimobile,(251) 660-4470,4.6
Indian Delight Ocean Springs,Gulf Shores,"6615 Washington Ave SuiteC, Gulf Shores, AL",https://www.indiandelightms.com/,(228) 334-5066,4.8
Paul's Pizza & Daiquiri Bar,Gulf Shores,"13700 Perdido Key Dr, Gulf Shores, FL",http://www.lillianspizza.com/,(850) 492-0131,4.4
Duck's Diner Orange Beach,Gulf Shores,"4560 Easy St, Gulf Shores, AL",http://www.ducksdiner.com/,(251) 948-9191,4.6
Sitar Indian Cuisine,Gulf Shores,"420 Jordan Ln NW, Gulf Shores, AL",http://www.sitarindianrestaurantal.com/,(256) 536-3360,4.1
Sig's Breakfast & Lunch,Gulf Shores,"14508 Perdido Key Dr, Gulf Shores, FL",https://sigsbythebeach.com/,(678) 551-8671,5
Chef King Authentic Chinese Cuisine,Gulf Shores,"Chef King, Gulf Shores, FL",http://chefkingpensacola.com/,(850) 857-9975,3.7
Shan Kishi New Hibachi,Gulf Shores,"804 Gulf Breeze Pkwy, Gulf Shores, FL",https://shankishitogo.com/,(850) 932-8188,4.3
El Toro Mexican Restaurant,Gulf Shores,"3645 Gulf Shores Pkwy, Gulf Shores, AL",https://eltoromexicanrestaurantgulfshoresal.com/,(251) 968-9030,4.3
Steel Pony Diner,Gulf Shores,"309 S Reus St, Gulf Shores, FL",http://steelponydiner.com/,(850) 776-7505,5
Lartigue's Fresh Seafood Market,Gulf Shores,"23043 Perdido Beach Blvd, Gulf Shores, AL",http://www.lartigueseafood.com/,(251) 948-2644,4.7
Duck's Diner Fort Morgan,Gulf Shores,"120 E Fort Morgan Rd, Gulf Shores, AL",http://www.ducksdiner.com/,(251) 484-0055,4.5
Sabai Thai Cuisine,Gulf Shores,"4154 Wulff Rd Suites A&B, Gulf Shores, AL",http://facebook.com/sabaithaial,(251) 408-9755,4.8
VEDA INDIAN CUISINE & BAR,Gulf Shores,"4874 University Dr NW, Gulf Shores, AL",https://thevedausa.com/,(256) 585-2552,4.7
Pirate's Bar And Grill,Gulf Shores,"100 Orleans Dr, Gulf Shores, AL",http://www.piratesbarandgrill.com/,(251) 861-2969,4.3
Kohinoor Indian Cuisine,Gulf Shores,"12110 County Line Rd suite a, Gulf Shores, AL",https://hibasgulfshores.com,(256) 262-4255,4.8
Taste of India Pensacola,Gulf Shores,"810 E Gregory St, Gulf Shores, FL",https://newtasteofindia.com/,(850) 439-3005,4.4
Jordan Valley Restaurant,Gulf Shores,"201 S Jefferson St, Gulf Shores, FL",https://www.jordanvalleyrestaurantmenu.com/,(850) 607-2780,4.3
Dick's Last Resort Orange Beach,Gulf Shores,"4720 Main St Suite M 101, Gulf Shores, AL",https://dickslastresort.com/locations/,(251) 240-6013,4.7
Hunan Wok West Pensacola,Gulf Shores,"4600 Mobile Hwy Ste 108, Gulf Shores, FL",https://www.hunanwokpensacola.com/,(850) 456-8883,4.2
Panda Palace Buffet,Gulf Shores,"1335 Satchel Paige Dr, Gulf Shores, AL",https://pandapalacebuffet.shop/,(251) 217-7278,3.9
Khon's on Palafox,Gulf Shores,"34 S Palafox St, Gulf Shores, FL",https://khonsonpalafox.com/,(850) 857-8354,4.6
Kyoto Japanese Steakhouse,Gulf Shores,"6883 US-98, Gulf Shores, FL",https://www.kyotopensacola.com/,(850) 637-1678,4.4
Wonderful House,Gulf Shores,"629 Main St, Gulf Shores, AL",https://wonderfulhouseonline.com/,(970) 867-8899,4.1
Another Broken Egg Cafe,Gulf Shores,"25910 Canal Rd Suite K, Gulf Shores, AL",https://www.anotherbrokenegg.com/locations/orange-beach-al/,(251) 981-7780,4.4
Golden Dragon Chinese Kitchen,Gulf Shores,"3959 Cottage Hill Rd, Gulf Shores, AL",https://www.goldendragonchinesekitchen.com/,(251) 478-8842,3.7
Hammered Crab,Gulf Shores,"1220 Gulf Shores Pkwy, Gulf Shores, AL",http://thehammeredcrab.com/,(251) 200-0545,4
