name,city,address,website,phone,rating
Prosperous Pelican Gallery,Orange Beach,"24823 Commercial Ave #4, Orange Beach, AL 36561, USA",,(251) 981-2022,4.6
Gulf State Park,Gulf Shores,"20115 State Park Road, Gulf Shores, AL 36542, USA",https://www.alapark.com/parks/gulf-state-park,(251) 948-7275,4.7
Luxury RV Resort,Gulf Shores,"590 Gulf Shores Pkwy, Gulf Shores, AL 36542, USA",https://www.luxuryrvresort.com/,(251) 948-5444,4.6
Island Retreat RV Park,Gulf Shores,"18201 AL-180, Gulf Shores, AL 36542, USA",http://www.islandretreatrvpark.com/,(251) 967-1666,4.6
Gulf Breeze RV Resort,Gulf Shores,"19800 Oak Rd W, Gulf Shores, AL 36542, USA",https://thegulfbreezervresort.com/?utm_source=google&utm_medium=organic&utm_campaign=gmb-listing,(251) 968-8884,4.4
Bon Secour National Wildlife Refuge,Gulf Shores,"12295 AL-180, Gulf Shores, AL 36542, USA",https://www.fws.gov/refuge/Bon_Secour/,(251) 540-7720,4.7
Meyer Park,Gulf Shores,"400 E 22nd Ave, Gulf Shores, AL 36542, USA",https://www.gulfshoresal.gov/1173/Meyer-Park-Pavilion,(251) 968-1173,4.6
Sun Outdoors Orange Beach,Orange Beach,"4100 Pandion Blvd, Orange Beach, AL 36561, USA",https://www.sunoutdoors.com/alabama/sun-outdoors-orange-beach?utm_source=google&utm_medium=organic&utm_campaign=gbp_listing,(844) 707-4343,4.6
Gulf State Park Pier,Gulf Shores,"20800 E Beach Blvd, Gulf Shores, AL 36542, USA",https://www.alapark.com/parks/gulf-state-park/fishing-and-education-pier,(251) 967-3474,4.7
The Backcountry Trail,Orange Beach,"Parking lot, 3801 Orange Beach Blvd, Orange Beach, AL 36561, USA",https://www.orangebeachal.gov/369/Hugh-S-Branyon-Backcountry-Trail,(251) 981-1063,4.9
Waterville USA/Escape House,Gulf Shores,"906 Gulf Shores Pkwy, Gulf Shores, AL 36542, USA",https://watervilleusa.com/,(251) 948-2106,4.3
Gulf Shores Dog Park,Gulf Shores,"308 Clubhouse Dr, Gulf Shores, AL 36542, USA",https://www.gulfshores.com/things-to-do/gulf-shores-dog-park/,,4.5
Dolphin Cruises Aboard Dolphin Tales,Orange Beach,"Dock C (no onsite office, 26619 Perdido Beach Blvd Slip 32, Orange Beach, AL 36561, USA",http://www.10dolphincruise.com/,(251) 269-5555,4.8
Alabama Point East,Orange Beach,"28105 Perdido Beach Blvd, Orange Beach, AL 36561, USA",http://alapark.com/,,4.7
City Of Gulf Shores Wetlands Park,Gulf Shores,"19025 Oak Rd W, Gulf Shores, AL 36542, USA",https://www.gulfshoresal.gov/1224/Wetlands-Park,(251) 968-1420,4.5
Mo's Landing Park,Gulf Shores,"18068 Fort Morgan Road, Gulf Shores, AL 36542, USA",https://www.gulfshoresal.gov/1221/Mos-Landing,(251) 968-2425,4.9
Alabama Gulf Coast Zoo,Gulf Shores,"20499 Oak Rd E, Gulf Shores, AL 36542, USA",http://alabamagulfcoastzoo.com/,(251) 256-7008,4.1
Dolphins Down Under,Orange Beach,"28101 Perdido Beach Blvd, Orange Beach, AL 36561, USA",https://www.dolphinsdownunder.net/?utm_source=google&utm_medium=organic&utm_campaign=gbp,(251) 968-4386,4.9
Gulf Shores Museum,Gulf Shores,"244 W 19th Ave, Gulf Shores, AL 36542, USA",http://www.gulfshoresal.gov/356/Museum,(251) 968-5099,4.5
Ferris Wheel,Orange Beach,"23101 Canal Rd, Orange Beach, AL 36561, USA",https://alwharf.com/directory/ferris-wheel,(251) 224-1000,4.4
Breakout Games,Orange Beach,"4776 Main St Suite L208, Orange Beach, AL 36561, USA",https://www.breakoutgames.com/orange-beach/bookings?utm_source=google&utm_medium=organic&utm_campaign=gmb-orange-beach,(251) 929-8330,5
"Surf Style 202: Surf, Swimwear, Sporting Goods in Orange Beach",Orange Beach,"25033 Perdido Beach Blvd, Orange Beach, AL 36561, USA",https://surfstyle.com/pages/surf-style-store-202?utm_source=google&utm_medium=organic&utm_campaign=gbl,(954) 924-9779,3.9
Ike's Bikes at Gulf State Park,Gulf Shores,"21101 AL-135, Gulf Shores, AL 36542, USA",http://coastalsegwayadventures.com/,(251) 509-8687,4.5
Alabama Extreme Watersports,Orange Beach,"5749 Bay La Launch Ave, Orange Beach, AL 36561, USA",https://www.aewatersports.com/,(855) 524-8837,4.7
Heritage Motor Coach Resort & Marina,Orange Beach,"28888 Canal Rd, Orange Beach, AL 36561, USA",http://www.heritageorangebeach.com/,(251) 923-3400,4.6
Doc's RV Park,Gulf Shores,"17595 AL-180, Gulf Shores, AL 36542, USA",http://www.docsrvpark.com/,(251) 968-4511,4.5
Sugar Sands RV Resort,Gulf Shores,"5343 Roscoe Rd, Gulf Shores, AL 36542, USA",http://sugarsandsrvresort.com/,(251) 968-2223,4.7
Terry Cove Motor Coach Resort,Orange Beach,"4650 Griffith Marina Rd, Orange Beach, AL 36561, USA",http://www.terrycoverv.com/,(251) 210-9225,4.9
Bay Breeze RV on the Bay,Gulf Shores,"1901 Bay Breeze Pkwy, Gulf Shores, AL 36542, USA",http://www.baybreezerv.com/,(251) 540-2362,4.7
Gulf Coast RV Park,Gulf Shores,"5584 Co Rd 6, Gulf Shores, AL 36542, USA",,(251) 968-6494,4.1
Sun Runners RV Park,Gulf Shores,"19480 Co Rd 8, Gulf Shores, AL 36542, USA",,(251) 955-5257,4.1
Adventure Island,Orange Beach,"24559 Perdido Beach Blvd, Orange Beach, AL 36561, USA",http://adventure-island.com/,(251) 974-1500,4.5
The Track - Gulf Shores,Gulf Shores,"3200 Gulf Shores Pkwy, Gulf Shores, AL 36542, USA",https://www.funatthetrack.com/,(251) 270-0209,4.4
Gulf Shores Kayak Rentals,Gulf Shores,"824 Gulf Shores Pkwy C-4, Gulf Shores, AL 36542, USA",https://gulfshoresbikerentals.com/gulf-shores-kayak-rentals,(251) 210-9037,4.9
Office of New Zoo Development,Gulf Shores,"20499 Oak Rd E, Gulf Shores, AL 36542, USA",,,4.4
Orange Beach History Museum,Orange Beach,"25805 John Snook Dr, Orange Beach, AL 36561, USA",https://www.orangebeachal.gov/246/History-Museum,(251) 981-8545,4.7
Ccc Museum,Gulf Shores,"Gulf Shores, AL 36542, USA",,,3
Sea View Tours,Orange Beach,"28101 Perdido Beach Blvd B1, Orange Beach, AL 36561, USA",http://seaviewtoursal.com/,(251) 385-1710,4.5
Wall Decor Frame Shop,Orange Beach,"24823 Canal Rd, Orange Beach, AL 36561, USA",https://www.facebook.com/WallDecorFraming/,(251) 974-1695,0
Peppermint Shrimp,Orange Beach,"27405 Polaris St, Orange Beach, AL 36561, USA",,(251) 923-6058,0
The Susan N. McCollough Gallery & Art Studio,Gulf Shores,"350 Cypress Bend Dr UNIT 105, Gulf Shores, AL 36542, USA",http://www.susannmccolloughart.media/,(251) 967-7677,4.5
Gulf Coast Arts Alliance,Gulf Shores,"225 E 24th Ave, Gulf Shores, AL 36542, USA",http://gulfcoastartsalliance.com/,(251) 948-2627,4.7
Coastal Arts Center of Orange Beach,Orange Beach,"26389 Canal Rd, Orange Beach, AL 36561, USA",https://www.orangebeachal.gov/ArtCenter,(251) 981-2787,4.9
Pink Pelican Art Gallery,Orange Beach,"24823 Canal Rd, Orange Beach, AL 36561, USA",,(251) 219-0050,5
Kristin Pierre Art,Gulf Shores,"309 E 21st Ave Entrance- Suite B, Gulf Shores, AL 36542, USA",http://www.kpierreart.com/,(251) 677-1289,5
Swiger Studio,Gulf Shores,"1538 Gulf Shores Pkwy UNIT 6, Gulf Shores, AL 36542, USA",http://www.swigerstudio.com/,(251) 609-1162,4.5
Sago Art Gallery at Beach Girl At Home,Gulf Shores,"3947 AL-59, Gulf Shores, AL 36542, USA",https://www.beachgirlathome.com/,(251) 223-4914,0
Laura Caffey Art Works,Gulf Shores,"11565 Council Ln, Gulf Shores, AL 36542, USA",,(251) 472-5414,0
Southport Campground,Gulf Shores,"108 Waterway W Blvd, Gulf Shores, AL 36542, USA",https://southportcampground.com/wp/,(251) 968-6220,4.1
Lazy Lake RV Park,Gulf Shores,"18950 Old Plash Island Rd Ste B, Gulf Shores, AL 36542, USA",http://www.lazylakervpark.com/,(251) 968-7875,3.8
Campground,Orange Beach,"Orange Beach, AL 36561, USA",,,5
Gulf State Park Campground,Orange Beach,"Live Oak Dr, Orange Beach, AL 36561, USA",https://www.alapark.com/parks/gulf-state-park/rv-and-primitive-campground,(251) 948-7275 ext. 1,4.9
Gulf State Park Campground,Gulf Shores,"22050 Campground Rd, Gulf Shores, AL 36542, USA",https://www.alapark.com/parks/gulf-state-park/rv-and-primitive-campground,(251) 948-7275 ext. 92020,4.7
Two Lakes RV Resort,Gulf Shores,"22353 Twin Lks Cir, Gulf Shores, AL 36542, USA",https://twolakesrvresort.com/,(251) 714-2709,4.4
Bueno Vista RV Resort,Gulf Shores,"216 E 24th Ave, Gulf Shores, AL 36542, USA",,,0
Gulf Shores RV Resort,Gulf Shores,"18717 Barefoot Wy, Gulf Shores, AL 36542, USA",https://rvcoutdoors.com/gulf-shores-rv-resort/,(251) 244-1015,4.7
Paradise Citi Campground,Gulf Shores,"18780 Pine Acres Rd, Gulf Shores, AL 36542, USA",http://www.rveverafter.com/,(708) 703-1041,5
