name,address,website,url,phone,rating
Pink Pelican Art Gallery,"24823 Canal Rd, Orange Beach, AL 36561, USA, Gulf Shores, AL",,,(251) 219-0050,5
The Wharf Marina,"23101 Canal Rd, Orange Beach, AL 36561, USA, Gulf Shores, AL",https://alwharf.com/?utm_source=GBP&utm_medium=organic&utm_campaign=website,,(251) 224-1000,5
Andy Andrews | Wisdom Harbour Studios,"4751 Main St F213, Orange Beach, AL 36561, USA, Gulf Shores, AL",http://andyandrews.com/,,(251) 981-5005,5
Salt Mercantile,"25122 Perdido Beach Blvd, Orange Beach, AL 36561, USA, Gulf Shores, AL",http://www.shopsaltnow.com/,,(251) 981-7258,4.6
Commons,"25910 Canal Rd, Orange Beach, AL 36561, USA, Gulf Shores, FL",http://pcci.edu/,,,4.4
Seaside Shoes & SWIM,"4751 Main St Suite F111, Orange Beach, AL 36561, USA, Gulf Shores, AL",http://seasideshoesandswim.com/,,(251) 224-6722,4.2
Frank & Co. Fine Jewelry,"25814 Canal Rd #7, Orange Beach, AL 36561, USA, Gulf Shores, AL",http://frankcooba.co/,,(251) 970-2060,4.9
The Oasis at The Wharf,"23101 Canal Rd, Orange Beach, AL 36561, USA, Gulf Shores, AL",https://alwharf.com/?utm_source=GBP&utm_medium=organic&utm_campaign=website,,(251) 224-1000,4.2
Beach Books and Movies,"Orange Beach, Gulf Shores, AL",,,(251) 968-6828,
Wildflowers Boutique,"25910 Canal Rd Suite M, Orange Beach, AL 36561, USA, Gulf Shores, AL",http://www.wildflowersboutiqueob.com/,,(251) 981-9453,5
Sand Dollar Lifestyles - Gulf Shores,"4700B Main St Suite 108, Orange Beach, AL 36561, USA, Gulf Shores, AL",http://pardyhardy.com/,,(251) 224-1660,3
Ole River Grill,"17401 Perdido Key Dr, Orange Beach, AL 36561",florabama.com,,,
The Yacht Club,"17401 Perdido Key Dr, Orange Beach, AL 36561",florabama.com,,,
The Oyster Bar,"17401 Perdido Key Dr, Orange Beach, AL 36561",florabama.com,,,
Bird Dog Chicken Company,"4575 Orange Beach Blvd #106, Gulf Shores, AL",http://www.birddogchickencompany.com/,,(251) 303-8555,4.3
.,"25775 Alabama's Coastal Connection, Orange Beach, AL 36561, USA",,,,
Cafe Beignet of Alabama OB,"25405 Perdido Beach Blvd Suite 22, Orange Beach, AL 36561, USA",https://www.barometerorangebeach.com,,(251) 981-2711,4.3
Butterfly Garden,"Orange Beach, Gulf Shores, AL",https://www.alapark.com/parks/gulf-state-park,,,4.5
Gulf Coast Ducks,"28101 Perdido Beach Blvd Suite A, Orange Beach, AL 36561, USA",http://www.gulfcoastducks.com/,,,4.7
Bagel Boy,"4 Market St, Orange Beach, AL 36561, USA",,,,
Dauphin Island Campground,"Orange Beach, AL 36561, USA, Gulf Shores, AL",https://www.townofdauphinisland.org/things-to-do/dauphin-island-campground,,(251) 861-2742,4.5
AL’s Liquor Tobacco Wine,"25405 Perdido Beach Blvd Suite 8, Orange Beach, AL 36561, USA",https://alsliquortobaccowine.com/25405-perdido-beach-blvd/?utm_source=gbp&utm_medium=organic,,(251) 981-6105,2.7
Gulf Shores Steamer,"{'street': '27267 Perdido Beach Boulevard, Suite 115', 'city': 'Orange Beach', 'state': 'Alabama', 'zip': '36561', 'coordinates': {}}",http://www.gulfshoressteamer.com/,,(251) 948-6344,4.3
Original Romar House B & B Inn,"23500 Perdido Beach Blvd, Orange Beach, AL 36561, USA",http://www.theoriginalromarhouse.com/,,(251) 974-1625,5
Publix Pharmacy at The Shoppes at Palm Pointe,"25771 Perdido Beach Blvd, Orange Beach, AL 36561, USA",https://www.publix.com/pharmacy?utm_medium=maps&utm_source=google&utm_content=psmpharm_google_override,,(251) 980-1445,4.4
Orange Beach History Museum,"{'street': '25805 John Snook Drive', 'city': 'Orange Beach', 'state': 'AL', 'zip': '36561', 'coordinates': {'lat': 30.2909, 'lng': -87.5852}}",https://www.orangebeachal.gov/246/History-Museum,,(251) 981-8545,4.7
CVS Pharmacy at 25761 Perdido Beach Blvd,"{'street': '25761 Perdido Beach Blvd', 'city': 'Orange Beach', 'state': 'AL', 'zip': '36561', 'coordinates': {}}",https://www.cvs.com/store-locator/orange-beach-al-pharmacies/25761-perdido-beach-blvd-orange-beach-al-36561/storeid=2899,,(251) 974-1590,
Shore Shooters Beach Photography of Orange Beach AL,"23044 Perdido Beach Blvd, Gulf Shores, AL",https://shoreshooters.com/orange-beach-photographers/,,(866) 856-2435,4.6
Da' Carwash,"24130 Canal Rd, Orange Beach, AL 36561, USA",http://www.dacarwash.com/contact.php,,(251) 981-6666,4.6
Ferris Wheel,"23101 Canal Rd, Orange Beach, AL 36561, USA",https://alwharf.com/directory/ferris-wheel,,(251) 224-1000,4.4
ATM Perdido Beach Resort,"27200 Perdido Beach Blvd, Orange Beach, AL 36561, USA",,,(800) 627-3999,
28101 Perdido Beach Blvd Alabama Point East Public Parking + Gazebo's,"28101 Perdido Beach Blvd, Orange Beach, AL 36561, USA",,,,4.7
Buena Vista Motor Coach Resort,"{'street': '23601 Perdido Beach Boulevard', 'city': 'Orange Beach', 'state': 'AL', 'zip': '36561', 'coordinates': {}}",https://buenavistamotorcoachresort.com/?utm_source=GBP&utm_medium=organic&utm_campaign=GBP,,(251) 980-1855,4.6
Sugar Sands Realty & Management Inc,"22991 Perdido Beach Blvd, Orange Beach, AL 36561, USA",https://coastalvi.com,,(251) 974-1672,3.5
Tee Off at The Wharf Powered by TOPGOLF Swing Suites,"{'street': '4619 Main Street Suite A102', 'city': 'Orange Beach', 'state': 'AL', 'zip': '36561', 'coordinates': {}}",https://www.teeoffatthewharf.com,,(251) 228-4899,
Chevron,"26595 Perdido Beach Blvd, Orange Beach, AL 36561, USA",https://www.chevronwithtechron.com/en_us/home/gas-station-near-me.html,,(251) 981-3835,3.9
Alabama Section | AWRA,"27200 Perdido Beach Blvd, Orange Beach, AL 36561, USA",http://www.awraalabama.org/?p=contact,,(800) 634-8001,
The Backcountry Trail,"Parking lot, 3801 Orange Beach Blvd, Orange Beach, AL 36561, USA",https://www.orangebeachal.gov/369/Hugh-S-Branyon-Backcountry-Trail,,(251) 981-1063,4.9
8 Reale OBAL,"4851 Wharf Pkwy W Suite D-112, Orange Beach, AL 36561, USA",http://www.8realeobal.com/,,(251) 484-0712,4.5
Phoenix West Vacation Rental Condominiums,"23972 Perdido Beach Blvd, Orange Beach, AL 36561, USA",https://www.brett-robinson.com/orange-beach/phoenix-west/?utm_source=gmb&utm_medium=organic&utm_campaign=website-link&utm_term=phoenix-west-vacation-rental-condos,,(800) 211-7892,4.4
Alabama Point East,"28105 Perdido Beach Blvd, Orange Beach, AL 36561, USA",http://alapark.com/,,(800) 252-7275,4.7
Southern Rose Parasailing Cruises,"{'city': 'Orange Beach', 'state': 'AL', 'coordinates': {}}",https://southernrosedolphintrips.com,,(251) 303-8524,
Tacky Jacks Seafood Restaurant and Tavern,"{'street': '27206 Safe Harbor Dr', 'city': 'Orange Beach', 'state': 'AL', 'zip': '36561'}",https://www.tackyjacks.com,,(251) 981-4144,
Gulf Shores Vacation Rentals,"4830 Main St Suite G209, Orange Beach, AL 36561, USA",,,(251) 974-1404,3.8
Heritage Motor Coach Resort & Marina,"28888 Canal Rd, Orange Beach, AL 36561, USA",http://www.heritageorangebeach.com/,,(251) 923-3400,4.6
Salon Paradise,"26831 Canal Rd, Orange Beach, AL 36561, USA",https://www.gulfshorescondoseawind.com/,,(251) 981-7721,4.9
The Beach Bun,"{'street': '25775 Perdido Beach Blvd Ste A', 'city': 'Orange Beach', 'state': 'AL', 'zip': '36561', 'coordinates': {}}",https://thebeachbunoba.com,,(251) 398-2866,4.6
Chevron with Techron,"{'street': '23141 Perdido Beach Boulevard', 'city': 'Orange Beach', 'state': 'AL', 'zip': '36561', 'coordinates': {}}",https://www.chevronwithtechron.com,,,
Canal Road Animal Hospital,"{'street': '22640 Canal Rd', 'city': 'Orange Beach', 'state': 'AL', 'zip': '36561', 'coordinates': {}}",https://www.canalroadanimalhospital.com/,,(251) 968-7387,4.4
Coastal Arts Center of Orange Beach,"{'street': '26389 Canal Road', 'city': 'Orange Beach', 'state': 'AL', 'zip': '36561', 'coordinates': {'lat': 30.2897, 'lng': -87.5568}}",https://www.orangebeachal.gov/ArtCenter,,(251) 981-2787,4.9
Dollar General,"4225 Orange Beach Blvd, Orange Beach, AL 36561, USA",https://www.dollargeneral.com/store-directory/al/orange-beach/5707,,(251) 214-0018,4.3
Dolphin Cruises Aboard Dolphin Tales,"26619 Perdido Beach Blvd no office, Orange Beach, AL 36561, USA",http://www.10dolphincruise.com/,,(251) 269-5555,4.8
The Wharf,"23101 Canal Rd, Orange Beach, AL 36561, USA",https://alwharf.com/?utm_source=GBP&utm_medium=organic&utm_campaign=website,,(251) 224-1000,4.5
Zeke's Restaurant,"26619 Perdido Beach Blvd, Orange Beach, AL 36561, USA",https://www.zekeslanding.com/,,(251) 280-8008,4.9
Cactus Cantina Perdido Beach Blvd,"25311 Perdido Beach Blvd, Orange Beach, AL 36561, USA",https://www.visitpensacola.com/things-to-do/beaches/perdido-key/,,(850) 475-5220,4.2
Campground,"Orange Beach, AL 36561, USA",,,,5
"Walmart Pharmacy in Orange Beach, AL","{'street': '25241 Perdido Beach Blvd Ste W', 'city': 'Orange Beach', 'state': 'AL', 'zip': '36561', 'coordinates': {'lat': 30.269256, 'lng': -87.594288}}",https://www.walmart.com/store/5653-orange-beach-al/pharmacy/?veh=seo_loc,,251-974-1824,
Carmelo Italian,"{'street': '25747 Perdido Beach Bvd Suite 1', 'city': 'Orange Beach', 'state': 'AL'}",https://carmeloitalian.com,,(251)200-4375,
The Commons,"25910 Canal Rd, Orange Beach, AL 36561, USA",,,,4.3
Coastal Employee Parking,"25801 Perdido Beach Blvd, Orange Beach, AL 36561, USA",,,,
Ristorante Carmelo,"25747 Perdido Beach Blvd suite 1, Orange Beach, AL 36561, USA",(251) 200-4375,,(251) 200-4375,4.5
Vacation Beach Portraits Orange Beach,"27267 Perdido Beach Blvd b204, Gulf Shores, AL",https://vacationbeachportraits.com/,,(251) 980-6657,4.9
Kraken Reels Charter Services,"{'street': '27267 Perdido Beach Blvd #100B', 'city': 'Orange Beach', 'state': 'AL', 'zip': '36561', 'coordinates': {}}",https://www.krakenreels.com/locations/kraken-reels-orange-beach,,(850) 659-7998,
Big Mike's Steakhouse - Orange Beach,"25638 Canal Rd, Orange Beach, AL 36561, USA",http://www.bigmikessteakhouse.com/,,(251) 981-2652,4.5
Advanced Carpet Cleaning & Restoration,"24252 Canal Rd STE A, Orange Beach, AL 36561, USA",http://callonthepros.com/,,(251) 955-1234,4.9
Da' Car Wash,"{'street': '24130 Canal Road', 'city': 'Orange Beach', 'state': 'AL', 'zip': '36561', 'coordinates': {}}",http://www.dacarwash.com,,(251) 981-6666,
Nikki McNab Aesthetics,"4751 Main Street Suite F-218, Orange Beach, AL 36561, USA",http://nmaskincare.com/,,(334) 488-9288,5
Sleep Inn Orange Beach,"25400 Perdido Beach Blvd, Orange Beach, AL 36561, USA",https://www.choicehotels.com/alabama/orange-beach/sleep-inn-hotels/al133?mc=llgoxxpx,,(251) 981-6722,4.2
Shell Beach Orange Beach Public Parking,"28273 Perdido Beach Blvd, Orange Beach, AL 36561, USA",,,,4.6
Flora-Bama Event 4,"17401 Perdido Key Dr, Orange Beach, AL 36561",florabama.com,,,
Phoenix VI Vacation Rental Condominiums,"26800 Perdido Beach Blvd #61503, Orange Beach, AL 36561, USA",https://www.brett-robinson.com/orange-beach/phoenix-6/?utm_source=gmb&utm_medium=organic&utm_campaign=website-link&utm_term=phoenix-6-vacation-rental-condos,,(251) 960-8032,4.4
Flora-Bama Event 3,"17401 Perdido Key Dr, Orange Beach, AL 36561",florabama.com,,,
Luna's Eat & Drink,"25689 Canal Rd Suite B, Orange Beach, AL 36561, USA",(251) 980-5862,,(251) 980-5862,4.6
Bear Point Plaza,"26835 Canal Rd, Orange Beach, AL 36561, USA",https://lillianspizza.com,,(251) 981-5900,4
www.milemarker158.com,"4673 Wharf Parkway W
Suite B
Orange Beach, AL 36561",https://www.milemarker158.com/static/media/Bingo.f13213dc.pdf,,,
Mallory Sullivan Photography,"Canal Rd, Gulf Shores, AL",https://www.mallorysullivanphotography.com/,,(205) 441-2940,4.9
All Island Flowers,"{'street': '25405 Perdido Beach Blvd. Ste 7A', 'city': 'Orange Beach', 'state': 'AL', 'zip': '36561', 'coordinates': {'lat': 30.26996, 'lng': -87.59173}}",https://www.allislandflowers.net/,,(251) 981-9188,4.8
Ike's parasail and dock store,"29603 Perdido Beach Blvd, Orange Beach, AL 36561, USA",,,,
Premium Parking - P2853,"24770 Perdido Beach Blvd, Orange Beach, AL 36561, USA",https://www.premiumparking.com/p2853,,(844) 236-2011,5
AMC CLASSIC Wharf 15,"23101 Canal Rd, Orange Beach, AL 36561, USA",https://www.amctheatres.com/movie-theatres/pensacola-mobile/amc-classic-wharf-15?utm_medium=organic&utm_source=google&utm_campaign=local,,(251) 981-4444,4.4
COVID-19 Drive-Thru Testing at Walgreens,"25801 Perdido Beach Blvd Walgreens, Orange Beach, AL 36561, USA",https://www.walgreens.com/findcare/covid19/testing,,(251) 981-7019,
Hampton Inn & Suites Orange Beach/Gulf Front,"25518 Perdido Beach Blvd, Orange Beach, AL 36561, USA",https://www.hilton.com/en/hotels/mobobhx-hampton-suites-orange-beach-gulf-front/?SEO_id=GMB-AMER-HX-MOBOBHX&y_source=1_MjA4MzM0Mi03MTUtbG9jYXRpb24ud2Vic2l0ZQ%3D%3D,,(251) 923-4400,4.3
Premium Parking - P2854,"25550 Canal Rd, Orange Beach, AL 36561, USA",https://www.premiumparking.com/p2854,,(844) 236-2011,5
The Original Romar House Bed & Breakfast Inn,"{'street': '23500 Perdido Beach Boulevard', 'city': 'Orange Beach', 'state': 'Alabama', 'zip': '36561', 'coordinates': {'lat': 30.27372, 'lng': -87.561}}",https://www.theoriginalromarhouse.com,,251-974-1625,
Beach Shutters Photography,"25805 John Snook Dr, Orange Beach, AL 36561, USA, Orange Beach, AL",https://www.beachshuttersphotography.com/,,(251) 228-0172,5
Dolphin Harbor,"28875 Perdido Beach Blvd, Orange Beach, AL 36561, USA",,,,4.9
Emerald Coast Carpet Cleaning & Restoration,"{'street': '25299 Canal Road, Unit B9', 'city': 'Orange Beach', 'state': 'AL', 'zip': '36561'}",http://www.emeraldcoastcarpetcleaners.com/,,2519482161,
Palm Beach Resort,"{'street': '22984 Perdido Beach Boulevard', 'city': 'Orange Beach', 'state': 'AL', 'zip': '36561'}",https://palmbeachresortob.com/,,(251) 974-5020,4.3
Caribe Resort,"{'street': '28103 Perdido Beach Blvd', 'city': 'Orange Beach', 'state': 'AL', 'zip': '36561', 'coordinates': {}}",https://www.cariberesort.com/,,(251) 980-9000,4.5
Flora-Bama Event 2,"17401 Perdido Key Dr, Orange Beach, AL 36561",florabama.com,,,
Gulf Coast Rental Co,"{'street': '25150 Canal Rd., Suite B', 'city': 'Orange Beach', 'state': 'AL', 'zip': '36561', 'coordinates': {'lat': 30.2908992, 'lng': -87.59364}}",http://www.gulfcoastrentalco.com/,,(251) 510-7226,4.9
Flora-Bama Event 5,"17401 Perdido Key Dr, Orange Beach, AL 36561",florabama.com,,,
Beach Laundry,"{'street': '25299 Canal Rd A1', 'city': 'Orange Beach', 'state': 'AL', 'zip': '36561'}",http://www.beachlaundry.net/,,(251) 423-7959,4.3
Gulf Breeze Resort Services,"24705 Canal Rd, Orange Beach, AL 36561, USA",,,(251) 974-1031,
CrossFit Anchor Down,"27085 Canal Rd, Orange Beach, AL 36561, USA, Gulf Shores, AL",https://crossfitanchordown.com/contact.html,,(217) 841-6983,5
Papa John's Pizza,"24515 Commercial Ave, Orange Beach, AL 36561, USA",,,,3.3
Cobalt the Restaurant,"{'street': '28099 Perdido Beach Blvd', 'city': 'Orange Beach', 'state': 'AL', 'zip': '36561', 'coordinates': {}}",http://www.cobaltrestaurant.net/,,(251) 923-5300,4.5
Premium Parking - P2852,"24151 Perdido Beach Blvd, Orange Beach, AL 36561, USA",http://premiumparking.com/p2852,,(844) 236-2011,4
City Donut,"{'street': '25751 Perdido Beach Blvd. A-5', 'city': 'Orange Beach', 'state': 'AL', 'zip': '36561', 'coordinates': {}}",https://www.citydonutob.com/?utm_source=google+&utm_medium=organic&utm_campaign=gbp,,(251) 981-3688,4.6
Admirals Quarters Condominiums,"26200 Perdido Beach Blvd, Orange Beach, AL 36561, USA",https://www.vacasa.com/usa/Admirals-Quarters-Condominiums/?utm_source=gmb&utm_medium=organic&utm_campaign=gmb-Admirals-Quarters,,(251) 968-6868,4.5
Aubrey’s Aesthetics,"{'street': '25299 Canal Rd Suite 2', 'city': 'Orange Beach', 'state': 'AL', 'zip': '36561'}",https://aubreysaesthetics.skincaretherapy.net/,,(866) 971-6971,5
Walgreens,"{'street': '25801 PERDIDO BEACH BLVD', 'city': 'Orange Beach', 'state': 'AL', 'zip': '36561', 'coordinates': {'lat': 30.27026534, 'lng': -87.58549173}}",https://www.walgreens.com/locator/walgreens-1421+gulf+shores+pkwy-gulf+shores-al-36542/id=1230,,(251) 968-5946,3.1
Summer House On Romar Beach,"{'street': '25020 Perdido Beach Boulevard', 'city': 'Orange Beach', 'state': 'AL', 'zip': '36561', 'coordinates': {'lat': 30.265999, 'lng': -87.597794}}",https://summerhouseonromarbeach.com/,,(251) 981-9711,4.1
Summer Breeze,"27222 Gulf Rd, Orange Beach, AL 36561, USA",http://saltlifeorangebeach.com/,,(205) 999-3523,4.3
Alabama Extreme Watersports,"5749 Bay La Launch Ave, Orange Beach, AL 36561, USA",https://www.aewatersports.com/,,(855) 524-8837,4.7
Top Nails,"25241 Perdido Beach Blvd STE W, Orange Beach, AL 36561, USA",,,(251) 967-1699,4.2
Beach Portraits LLC,"28099 Perdido Beach Blvd, Orange Beach, AL 36561, USA, Orange Beach, AL",https://aubreysaesthetics.skincaretherapy.net/,,(251) 979-5131,4.5
McClure’s Catering,"4575 Orange Beach Blvd #106, Gulf Shores, AL",,,(251) 974-2245,
Tee Off at The Wharf,"4619 Main St A101, Orange Beach, AL 36561, USA",https://www.teeoffatthewharf.com/,,(251) 228-4899,4.7
Pelican Grill - Orange Beach,"27267 Perdido Beach Blvd d105, Orange Beach, AL 36561, USA",http://pelicangrillob.com/,,(251) 483-3665,4.2
Sun Outdoors Orange Beach,"{'street': '4100 Pandion Blvd', 'city': 'Orange Beach', 'state': 'AL', 'zip': '36561', 'coordinates': {'lat': 30.288797, 'lng': -87.637024}}",https://www.sunoutdoors.com/alabama/sun-outdoors-orange-beach?utm_source=google&utm_medium=organic&utm_campaign=gbp_listing,,(844) 707-4343,4.6
Jewel's Beach Salon,"27250 Perdido Beach Blvd Suite B, Orange Beach, AL 36561, USA",https://www.jewelsbeachsalon.com/,,(251) 981-1111,4.7
Adventure Island,"{'street': '24559 Perdido Beach Blvd', 'city': 'Orange Beach', 'state': 'AL', 'zip': '36561', 'coordinates': {}}",http://adventure-island.com/,,(251) 974-1500,4.5
Sea View Tours,"28101 Perdido Beach Blvd B1, Orange Beach, AL 36561, USA",http://seaviewtoursal.com/,,(251) 385-1710,4.5
Rejuvenation Med Spa Orange Beach,"{'city': 'Orange Beach', 'state': 'AL', 'coordinates': {}}",https://www.rejuvenationoba.com/,,,
Camelot Photography | Orange Beach,"24809 Gulf Stream Circle, Gulf Shores, AL",http://www.camelotphotography.org/,,(251) 928-8082,4.4
Orange Beach Toys,"4 Market St, Orange Beach, AL 36561, USA",http://orangebeachtoys.com/,,(850) 889-8697,5
Ocean Eddie's Resort Wear,"4651 Main St k104, Orange Beach, AL 36561, USA",https://www.facebook.com/OceanEddies-ResortWear-157113254407949/,,(251) 981-6113,5
Moe's Original BBQ Orange Beach,"{'street': '25603 Perdido Beach Blvd', 'city': 'Orange Beach', 'state': 'AL', 'zip': '36561', 'coordinates': {'lat': 30.2693676, 'lng': -87.5904334}}",https://www.moesoriginalbbq.com/lo/orange-beach/,,(251) 981-7427,
Hugh S. Branyon Backcountry Trail - Rosemary Dunes Trailhead,"24037 Perdido Beach Blvd, Orange Beach, AL 36561, USA",,,(251) 981-1063,4.9
26026 Perdido Beach Blvd Parking,"26026 Perdido Beach Blvd, Orange Beach, AL 36561, USA",,,,4.5
Island House Hotel Orange Beach - a DoubleTree by Hilton,"26650 Perdido Beach Blvd, Orange Beach, AL 36561, USA",https://www.hilton.com/en/hotels/pnsobdt-island-house-hotel-orange-beach/?SEO_id=GMB-AMER-DT-PNSOBDT&y_source=1_NzYzNzcyOS03MTUtbG9jYXRpb24ud2Vic2l0ZQ%3D%3D,,(251) 981-6100,4.5
Walmart Neighborhood Market,"25241 Perdido Beach Blvd STE W, Orange Beach, AL 36561, USA",https://www.walmart.com/store/5653-orange-beach-al/?veh=seo_loc,,(251) 974-1810,4.2
The Island Church,"25550 Canal Rd, Orange Beach, AL 36561, USA",https://theislandchurch.tv/,,(844) 236-2011,5
Phoenix West II Vacation Rental Condominiums,"23450 Perdido Beach Blvd #3001, Orange Beach, AL 36561, USA",https://www.brett-robinson.com/orange-beach/phoenix-west-2/?utm_source=gmb&utm_medium=organic&utm_campaign=website-link&utm_term=phoenix-west-2-vacation-rental-condos,,(251) 981-0700,4.3
Phoenix East Vacation Rental Condominiums,"27100 Perdido Beach Blvd, Orange Beach, AL 36561, USA",https://www.brett-robinson.com/orange-beach/phoenix-east/?utm_source=gmb&utm_medium=organic&utm_campaign=website-link&utm_term=phoenix-east-vacation-rental-condos,,(800) 211-7892,4.2
Eden Spa and Salon,"{'street': '25741 Perdido Beach Boulevard', 'city': 'Orange Beach', 'state': 'AL', 'zip': '36561', 'coordinates': {'lat': 30.269733, 'lng': -87.589665}}",http://www.edenspaandsalonllc.com,,251-981-8600,
Gulf Shores & Orange Beach Tourism,"{'street': '23685 Perdido Beach Blvd. (Hwy. 182)', 'city': 'Orange Beach', 'state': 'AL', 'zip': '36561', 'coordinates': {'lat': 30.2965, 'lng': -87.5898}}",https://www.gulfshores.com,,1-800-745-7263,
Bear Point Harbor Fueling Station,"5749 Bay La Launch Ave, Orange Beach, AL 36561, USA",http://bearpointharbor.com/,,(251) 981-2327,5
Walker Key F3 Condo,"4551 Walker Key Blvd, Orange Beach, AL 36561, USA",,,(251) 978-1731,3.8
Orange Beach Yoga,"4851 Wharf Pkwy W, Orange Beach, AL 36561, USA, Gulf Shores, AL",,,(251) 752-8090,5
Dolphin Cruises Aboard the Cold Mil Fleet,"5749 Bay La Launch Ave, Orange Beach, AL 36561, USA",https://www.dolphincruises.com/,,(251) 943-3510,4.9
Orange Beach,"Orange Beach, AL, USA",http://www.cityoforangebeach.com/,,(859) 250-1110,4.9
Orange Beach Adult Fitness Center,"4847 Wilson Blvd, Orange Beach, AL 36561, USA, Gulf Shores, AL",https://www.orangebeachal.gov/469/Adult-Fitness-Center,https://www.gulfshoresorangebeach.com,(251) 981-6028,4.9
Wolf Bay Restaurant at Orange Beach,"24131 Perdido Beach Blvd, Orange Beach, AL 36561, USA",http://www.wolfbaylodge.com/,,(251) 965-5129,4.2
The Wharf Amphitheater,"{'street': '23325 Wharf Lane', 'city': 'Orange Beach', 'state': 'AL', 'zip': '36561', 'coordinates': {'lat': 30.29259, 'lng': -87.62681}}",https://alwharf.com/amphitheater,,(251) 224-1020,4.6
Big Fish Restaurant,"25814 Canal Rd, Orange Beach, AL 36561, USA",https://bigfishrestaurantbar.com/,,(251) 981-5516,4.5
Southern Shores Photography,"4948 Look Rook Rd, Gulf Shores, AL",http://www.southernshoresphoto.com/,,(251) 424-5220,5
GTs on the Bay,"{'street': '26189 Canal Rd', 'city': 'Orange Beach', 'state': 'AL', 'zip': '36561', 'coordinates': {}}",https://gtsonthebay.com,,251-980-8400,4.5
Premium Parking - Ruby Slipper Lot,"{'street': '24151 Perdido Beach Blvd', 'city': 'Orange Beach', 'state': 'AL', 'zip': '36561', 'coordinates': {'lat': 30.263812, 'lng': -87.61232}}",http://premiumparking.com/p2852,,,
Perdido Pass Jetty,"Orange Beach, Gulf Shores, AL",,,,4.6
All Baldwin Cleaners,"3099 Loop Rd, Orange Beach, AL 36561, USA",,,(251) 981-3512,4.3
The Port at Zeke's,"26619 Perdido Beach Blvd, Orange Beach, AL 36561, USA",https://theportatzekes.com/,,(251) 341-2867,5
Perdido Key,"Perdido Key, Orange Beach, FL 32507, USA",,,,
Alabama Sweet Tea Company,"4601 Main St Suite B-108, Orange Beach, AL 36561, USA",https://alabamasweettea.com/,,(251) 255-6770,4.8
3111 Loop Rd Parking,"3111 Loop Rd, Orange Beach, AL 36561, USA",https://www.perdidokeyparking.com/,,(850) 889-8697,3.8
SanRoc Cay Marina - Shopping,"27267 Perdido Beach Blvd, Orange Beach, AL 36561, USA",https://sanroccay.com/,,(251) 980-0016,4.6
Walmart Neighborhood Market Orange Beach,"{'street': '25241 Perdido Beach Blvd Ste W', 'city': 'Orange Beach', 'state': 'AL', 'zip': '36561', 'coordinates': {'lat': 30.269256, 'lng': -87.594288}}",https://www.walmart.com/store/5653-orange-beach-al/?veh=seo_loc,,251-974-1810,
City of Orange Beach,"{'street': '4099 Orange Beach Boulevard', 'city': 'Orange Beach', 'state': 'Alabama', 'zip': '36561', 'coordinates': {'lat': 30.2909, 'lng': -87.5852}}",https://www.orangebeachal.gov,,251-981-6979,
Centennial Bank,"25051 Canal Rd, Orange Beach, AL 36561, USA",https://www.my100bank.com/location/25051-canal-rd?utm_source=extnet&utm_medium=yext,,(251) 981-5900,4.3
Deep South Cake Company,"25405 Perdido Beach Blvd #5, Orange Beach, AL 36561, USA",https://www.facebook.com/deepsouthcakecompany/,,(251) 978-3100,4.7
George Haughton Realtor- Bellator Real Estate,"24951 Perdido Beach Blvd #100, Orange Beach, AL 36561, USA",http://www.georgehaughton.com/,,(251) 948-5555,5
The Massage Office,"{'street': '24821 Commercial Avenue/Gulf Bay Road, Unit 3', 'city': 'Orange Beach', 'state': 'Alabama', 'zip': '36561', 'coordinates': {}}",http://themassageoffice.com/,,(251) 747-5001,5
Terry Cove RV Resort,"{'street': '4650 Griffith Marina Road', 'city': 'Orange Beach', 'state': 'AL', 'zip': '36561', 'coordinates': {}}",http://www.terrycoverv.com,,251-210-9225,
Brick & Spoon - Orange Beach,"24705 Canal Rd, Orange Beach, AL 36561, USA",https://www.brickandspoon.com/,,(251) 981-7772,4.6
Latitude 30,"27200 Perdido Beach Blvd, Orange Beach, AL 36561, USA",http://www.perdidobeachresort.com/dining/latitude-30,,(251) 981-9811,4.1
27075 Perdido Beach Blvd Parking,"27075 Perdido Beach Blvd, Orange Beach, AL 36561, USA",,,,2.8
Terry Cove Motor Coach Resort,"4650 Griffith Marina Rd, Orange Beach, AL 36561, USA",http://www.terrycoverv.com/,,(251) 210-9225,4.9
Paradise Boutiques,"24821 Commercial Ave Unit 1, Orange Beach, AL 36561, USA",https://www.floridastateparks.org,,(251) 484-0943,5
Walmart Pharmacy,"25241 Perdido Beach Blvd STE W, Orange Beach, AL 36561, USA",https://www.walmart.com/store/5653-orange-beach-al/pharmacy/?veh=seo_loc,,(251) 974-1824,4.2
OSO at Bear Point Harbor - Orange Beach,"5749 Bay La Launch Ave, Orange Beach, AL 36561, USA",https://www.osobearpoint.com/,,(251) 345-6738,4.5
Avenue Pub - Orange Beach,"4575 S Wilson Blvd, Orange Beach, AL 36561, USA",http://www.avepub.com/,,(251) 200-0250,4.6
Dolphins Down Under,"{'street': '28101 Perdido Beach Blvd', 'city': 'Orange Beach', 'state': 'AL', 'zip': '36561'}",https://www.dolphinsdownunder.net/?utm_source=google&utm_medium=organic&utm_campaign=gbp,,(251) 968-4386,4.9
Mama Lottie's Pub & Grill,"25405 Perdido Beach Blvd #25, Orange Beach, AL 36561, USA",,,(251) 403-0828,4.5
Summerchase Condominiums,"25800 Perdido Beach Blvd, Orange Beach, AL 36561, USA",http://www.summerchasehoa.com/,,(251) 974-1186,4.1
Presto! ATM,"25771 Perdido Beach Blvd, Orange Beach, AL 36561, USA",https://prestoatms.publix.com/,,(800) 242-1227,5
C-Shelz Photography,"25870 Bonito Ave, Gulf Shores, AL",http://www.cshelzphoto.com/,,(314) 560-6665,5
The Southern Grind at INDIGO,"22843 Perdido Beach Blvd, Orange Beach, AL 36561, USA",http://www.thesoutherngrind.com/,,(251) 975-2883,4.4
Hilton Garden Inn Orange Beach Beachfront,"23092 Perdido Beach Blvd, Orange Beach, AL 36561, USA",https://www.hilton.com/en/hotels/orbhhgi-hilton-garden-inn-orange-beach-beachfront/?SEO_id=GMB-AMER-GI-ORBHHGI&y_source=1_MjA4MzE5NS03MTUtbG9jYXRpb24ud2Vic2l0ZQ%3D%3D,,(251) 974-1600,4
Holiday Inn Express Orange Beach-On The Beach,"{'street': '24700 Perdido Beach Boulevard', 'city': 'Orange Beach', 'state': 'AL', 'zip': '36561', 'coordinates': {'lat': 30.2658, 'lng': -87.6034}}",https://www.ihg.com/holidayinnexpress/hotels/us/en/orange-beach/orbal/hoteldetail,,+1-251-9741634,
Beach Photography of Orange Beach,"30391 Ono N Loop W, Gulf Shores, AL",https://phoenixbeachphotography.com/phoenix-beach-photography-of-orange-beach/,,(251) 257-3614,
BOLO Steak & Seafood,"27370 Canal Rd, Orange Beach, AL 36561, USA",(251) 981-6800,,30.2897,4.4
Beech RV Park,"4224 Orange Beach Blvd, Gulf Shores, AL",,,(251) 752-4134,4.8
Cactus Cantina Canal Road,"25908 Canal Rd, Orange Beach, AL 36561, USA",http://www.mycactuscantina.com/,,(251) 974-0060,4.3
The Duke (Alabama State Park Outpost Primitive Campsite),"Orange Beach, Gulf Shores, AL",http://www.alapark.com/parks/gulf-state-park/outpost-campsites,,,5
Shores at Orange Beach,"{'street': '24060 Perdido Beach Blvd', 'city': 'Orange Beach', 'state': 'AL', 'zip': '36561', 'coordinates': {}}",https://shoresatorangebeach.com,,251-315-6853,
Rejuvenation Med Spa,"4223 Orange Beach Blvd suite b, Orange Beach, AL 36561, USA",https://www.rejuvenationoba.com/,,(251) 981-4772,4.3
Surfside Pizza,"{'street': '25405 Perdido Beach Blvd.', 'city': 'Orange Beach', 'state': 'AL', 'zip': '36561', 'coordinates': {}}",https://surfsidepizza.com,,(251) 981-2911,
Summerchase Condominium Association,"{'street': '25800 Perdido Beach Blvd', 'city': 'Orange Beach', 'state': 'AL', 'zip': '36561'}",https://www.summerchasehoa.com,,251-974-1186,
"Al's Liquor, Tobacco, Wine & Cigars","{'street': '25405 Perdido Beach Blvd, Suite 8', 'city': 'Orange Beach', 'state': 'AL', 'zip': '36561'}",https://alsliquortobaccowine.com,,(251) 981-6105,
OSO at Bear Point,"{'street': '5749 Bay La Launch Avenue', 'city': 'Orange Beach', 'state': 'AL', 'zip': '36561', 'coordinates': {}}",https://www.osobearpoint.com/,,(251) 345-6738,
Daisy’s Donuts (Boba & Kolaches),"26651 Perdido Beach Blvd A, Orange Beach, AL 36561, USA",https://www.canalroadanimalhospital.com/,,(251) 200-0040,4.2
Holiday Inn Express Orange Beach-on the Beach by IHG,"24700 Perdido Beach Blvd, Orange Beach, AL 36561, USA",https://www.ihg.com/holidayinnexpress/hotels/us/en/orange-beach/orbal/hoteldetail?cm_mmc=GoogleMaps-_-EX-_-US-_-ORBAL,,(251) 974-1634,4.2
Portside on Main,"4605 Main St, Orange Beach, AL 36561, USA",https://alwharf.com/portside,,(251) 981-7721,4.9
Carmelo,"{'street': '25747 Perdido Beach Blvd Suite 1', 'city': 'Orange Beach', 'state': 'AL', 'zip': '36561', 'coordinates': {}}",https://carmeloitalian.com,,+12512004375,
The Wax Room,"{'street': '27267 Perdido Beach Blvd, Ste 207', 'city': 'Orange Beach', 'state': 'AL', 'zip': '36561', 'coordinates': {}}",https://mywaxroom.com,,(251) 223-9489,
COASTAL Orange Beach,"{'street': '25722 Perdido Beach Boulevard', 'city': 'Orange Beach', 'state': 'AL', 'zip': '36561', 'coordinates': {}}",https://www.coastalorangebeach.com/,,(251) 240-6001,4.7
Tacky Jacks Orange Beach,"27206 Safe Harbor Dr, Orange Beach, AL 36561, USA",http://tackyjacks.com/,,(251) 981-4144,4.5
Action Charter Service,"27844 Canal Rd, Orange Beach, AL 36561, USA",https://actioncharterservice.com/,,(251) 986-6855,4
2 Bedroom - Phoenix VII 71113,"26802 Perdido Beach Blvd #7516, Orange Beach, AL 36561, USA",,,(636) 736-4460,4.6
"Emerald Coast Carpet Cleaning & Restoration, LLC","25299 Canal Rd b9, Orange Beach, AL 36561, USA",http://www.emeraldcoastcarpetcleaners.com/,,(251) 948-2161,4.8
Sam's Bait and Tackle,"27122 Canal Rd, Orange Beach, AL 36561, USA",https://myislandtimecharters.com/,,(251) 981-4245,4.2
Wall Decor Frame Shop,"24823 Canal Rd, Orange Beach, AL 36561, USA",,,,
Serenity at The Beach Salon & Spa,"{'street': '27267 Perdido Beach Blvd #B203', 'city': 'Orange Beach', 'state': 'AL', 'zip': '36561'}",http://serenityatthebeach.com/,,(251) 981-3031,4.5
Publix Super Market at The Shoppes at Palm Pointe,"25771 Perdido Beach Blvd, Orange Beach, AL 36561, USA",https://www.publix.com/?setstorenumber=1213&utm_medium=maps&utm_source=extendednetwork&utm_content=psm_website_url,,(251) 980-1400,4.6
"Surf Style 202: Surf, Swimwear, Sporting Goods in Orange Beach","25033 Perdido Beach Blvd, Orange Beach, AL 36561, USA",https://surfstyle.com/pages/surf-style-store-202?utm_source=google&utm_medium=organic&utm_campaign=gbl,,(954) 924-9779,3.9
Flora-Bama Event 7,"17401 Perdido Key Dr, Orange Beach, AL 36561",florabama.com,,,
Bryant Bank,"24847 Commercial Ave, Orange Beach, AL 36561, USA",http://bryantbank.com/,,(251) 981-2800,5
Live Bait Night Club,"24281 Perdido Beach Blvd, Orange Beach, AL 36561, USA",https://www.livebaitrestaurant.com/nightclub,,(251) 974-1612,4.1
Circle K | Gas Station,"4574 Orange Beach Blvd, Orange Beach, AL 36561, USA",https://www.circlek.com/store-locator/US/orange-beach/4574-orange-beach-blvd/2721582?utm_source=google&utm_medium=local&utm_campaign=google-local,,(251) 981-1433,2
Pandion Ridge Luxury RV Resort,"Pandion Blvd, Orange Beach, AL 36561, USA",http://pandionridge.com/,,(844) 707-4343,4.4
Gulf Babe Wine Boutique,"{'street': '4593 Main St. Suite C-101', 'city': 'Orange Beach', 'state': 'AL', 'zip': '36561'}",https://gulfbabe.com,,251-495-0573,5
"Louisiana Lagniappe, Orange Beach, AL","27267 Perdido Beach Blvd #201, Orange Beach, AL 36561, USA",http://www.thelouisianalagniappe.com/,,(251) 981-2258,4.6
Villaggio Grille,"{'city': 'Orange Beach', 'state': 'AL', 'coordinates': {}}",http://villaggiogrille.com/,,(251) 224-6510,4.4
thesoutherngrind.com,"4751 Main Street Suite 116 Orange Beach, AL 36561",https://thesoutherngrind.com/content/CWPD_Travel_NovDec_lores.pdf,,,
Flora-Bama Event 9,"17401 Perdido Key Dr, Orange Beach, AL 36561",florabama.com,,,
Fairfield by Marriott Inn & Suites Orange Beach,"3111 Loop Rd, Orange Beach, AL 36561, USA",https://www.marriott.com/en-us/hotels/pnsob-fairfield-inn-and-suites-orange-beach/overview/?scid=f2ae0541-1279-4f24-b197-a979c79310b0,,(251) 543-4444,4.1
Premium Parking - P2851,"25150 Canal Rd, Orange Beach, AL 36561, USA",https://www.premiumparking.com/p2851,,(844) 236-2011,
Geaux Preaux Orange Beach,"Wharf Pkwy E, Orange Beach, AL 36561, USA",https://www.facebook.com/GPGulfshoresOrangebeachdetail/,,(225) 572-4007,5
George Haughton,"{'street': '24951 Perdido Beach Boulevard, Suite 100', 'city': 'Orange Beach', 'state': 'AL', 'zip': '36561'}",http://www.georgehaughton.com,,(251) 948-5555,
Blue Lagoon LLC,"27267 Perdido Beach Blvd B 106, Orange Beach, AL 36561, USA",https://www.facebook.com/blue.orangebeach/,,(251) 980-2583,4.7
Orange Beach Welcome Center,"23685 Perdido Beach Blvd, Orange Beach, AL 36561, USA",https://www.alabamasbeaches.com/,,(251) 974-1510,4.9
The Gulf,"{'street': '27500 Perdido Beach Blvd', 'city': 'Orange Beach', 'state': 'AL', 'zip': '36561', 'coordinates': {}}",http://www.thegulf.com/locations/orange-beach,,(251) 424-1800,4.7
Surfside Pizza Orange Beach,"25405 Perdido Beach Blvd Suite 10, Orange Beach, AL 36561, USA",https://www.surfsidepizza.com/,,(251) 981-2911,4.3
Advanced Carpet Cleaning & Restoration LLC,"{'street': '24252 Canal Road, Suite A', 'city': 'Orange Beach', 'state': 'AL', 'zip': '36561', 'coordinates': {}}",https://www.callonthepros.com,,2519551234,
Flora-Bama Event 10,"17401 Perdido Key Dr, Orange Beach, AL 36561",florabama.com,,,
Flora-Bama Event 8,"17401 Perdido Key Dr, Orange Beach, AL 36561",florabama.com,,,
Sunliner Diner - Orange Beach,"26035 Perdido Beach Blvd, Orange Beach, AL 36561, USA",,,,4.9
Escapes! To The Shores,"24060 Perdido Beach Blvd, Orange Beach, AL 36561, USA",https://shoresatorangebeach.com/,,(251) 315-6853,4.5
Voyagers,"{'street': '27200 Perdido Beach Blvd', 'city': 'Orange Beach', 'state': 'AL', 'zip': '36561', 'coordinates': {}}",https://voyagersrestaurant.com,,251-981-9811,4.7
Flora-Bama Event 6,"17401 Perdido Key Dr, Orange Beach, AL 36561",florabama.com,,,
Premium Parking - P2657,"3111 Loop Rd, Orange Beach, AL 36561, USA",https://www.premiumparking.com/p2657,,(844) 236-2011,5
Flora-Bama Event 1,"17401 Perdido Key Dr, Orange Beach, AL 36561",florabama.com,,,
Providence Properties,"28875 Perdido Beach Blvd, Orange Beach, AL 36561, USA",,,(251) 980-6055,4.4
Mile Marker 158,"4673 Wharf Pkwy W b, Orange Beach, AL 36561, USA",(251) 224-6500,,(251) 224-6500 ext. 4,4.5
Color Illusionz,"25753 Canal Rd A, Orange Beach, AL 36561, USA",,,(251) 974-4247,5
"We offer buffet style catering to boxed lunches to go from our menu, or we can customize to your needs from bacon wrapped scallops appetizers to salads, sandwiches, and Paninis","4751 Main Street Suite 116 Orange Beach, AL 36561",https://thesoutherngrind.com,,(251) 923-3265,
Treasure Chest,"27267 Perdido Beach Blvd # 111, Orange Beach, AL 36561, USA",,,(251) 948-4459,4.3
Gulf State Park Campground,"Live Oak Dr, Orange Beach, AL 36561, USA",https://www.alapark.com/parks/gulf-state-park/rv-and-primitive-campground,,(251) 948-7275 ext. 1,4.9
Sandshaker at the wharf,"4851 Wharf Pkwy E d130, Orange Beach, AL 36561, USA",http://www.sandshaker.com/,,(251) 923-0080,4.2
Breakout Games,"4776 Main St Suite L208, Orange Beach, AL 36561, USA",https://www.breakoutgames.com/orange-beach?utm_source=google&utm_medium=organic&utm_campaign=gmb-orange-beach,,(251) 929-8330,5
First National Bank,"25556 Canal Rd 2nd floor, Orange Beach, AL 36561, USA",https://www.firstnational.com/,,(251) 923-1000,2.3
Phoenix V Vacation Rental Condominiums,"24400 Perdido Beach Blvd, Orange Beach, AL 36561, USA",https://www.brett-robinson.com/orange-beach/phoenix-5/?utm_source=gmb&utm_medium=organic&utm_campaign=website-link&utm_term=phoenix-5-vacation-rental-condos,,(251) 960-9512,4.3
Phoenix X Vacation Rental Condominiums,"29576 Perdido Beach Blvd, Orange Beach, AL 36561, USA",https://www.brett-robinson.com/orange-beach/phoenix-10/?utm_source=gmb&utm_medium=organic&utm_campaign=website-link&utm_term=phoenix-10-vacation-rental-condos,,(800) 211-7892,4.2
DRI Gulf Coast,"{'street': '26255 St. Lucia Dr', 'city': 'Orange Beach', 'state': 'AL', 'zip': '36561'}",https://www.drigulfcoast.com/,,(251) 447-9285,5
Eden Spa & Salon,"25741 Perdido Beach Blvd Suite H, Orange Beach, AL 36561, USA",http://www.edenspaandsalonllc.com/,,(251) 981-8600,4.4
Island Time Daiquiris & Pizza at The Wharf,"4830 Wharf Pkwy W G101, Orange Beach, AL 36561, USA",http://islandtimedaiquiris.com/,,(251) 224-0265,4.2
Alabama Deep Sea Fishing,"27888 Canal Rd, Orange Beach, AL 36561, USA",http://alabamadeepseafishing.com/,,(251) 981-3733,4.4
Cotton's Restaurant,"26009 Perdido Beach Blvd, Orange Beach, AL 36561, USA",https://cottonsorangebeach.com/,,(251) 981-9268,3.9
Oake Shore Studio,"4790 Wharf Pkwy W Suite F208, Gulf Shores, AL",https://dickslastresort.com,,(850) 686-9048,5
Pelican Grill,"{'street': '27267 Perdido Beach Boulevard', 'city': 'Orange Beach', 'state': 'AL', 'zip': '36561', 'coordinates': {'lat': 30.2767226, 'lng': -87.5604694}}",https://www.pelicangrillob.com,,(251) 483-3665,
Palm Point Shopping Plaza,"Unnamed Road, Orange Beach, AL 36561, USA",,,,4.4
Turquoise Place,"26302 Perdido Beach Blvd, Orange Beach, AL 36561, USA",https://turquoiseplace.spectrumresorts.com/?utm_source=google&utm_medium=places&utm_campaign=places,,(877) 720-5864,4.7
Angela Mott Photography,"26060 Garrett Ln, Gulf Shores, AL",http://angelamottphotography.com/,,(205) 243-9904,4.9
Ruby Slipper,"24151 Perdido Beach Blvd, Orange Beach, AL 36561, USA",https://www.rubybrunch.com/?olonwp=JjBtp_vMLk25gkYh_bnoiQ,,(251) 360-2400,4.5
Perdido Beach Resort,"{'street': '27200 Perdido Beach Blvd', 'city': 'Orange Beach', 'state': 'AL', 'zip': '36561', 'coordinates': {'lat': 30.2833, 'lng': -87.4667}}",https://www.perdidobeachresort.com/?utm_source=local&utm_medium=organic&utm_campaign=website_link,,(251) 981-9811,4.7
The Gulf Orange Beach,"{'street': '27500 Perdido Beach Blvd', 'city': 'Orange Beach', 'state': 'AL', 'zip': '36561', 'coordinates': {}}",https://thegulf.com/locations/orange-beach/,,251-424-1800,
Regions Bank - Orange Beach,"{'street': '4100 Orange Beach Boulevard', 'city': 'Orange Beach', 'state': 'AL', 'coordinates': {}}",https://www.regions.com,,,
"C L. Epp, Bspharm","25299 Canal Rd, Orange Beach, AL 36561, USA",,,(251) 981-4376,
Doc's Seafood Shack & Oyster Bar,"{'street': '26029 Canal Road', 'city': 'Orange Beach', 'state': 'AL', 'zip': '36561', 'coordinates': {'lat': 30.2924535, 'lng': -87.5830861}}",https://www.docsseafoodshack.com,,(251) 981-6999,4.5
The Keg Lounge and Grill,"26796 Canal Rd, Orange Beach, AL 36561, USA",https://www.facebook.com/thekegloungeandgrill,,(251) 981-9462,4.3
Flora-Bama Lounge,"17401 Perdido Key Dr, Orange Beach, AL 36561",florabama.com,,,
Cosmo's Restaurant & Bar,"25753 Canal Rd, Orange Beach, AL 36561, USA",http://www.cosmosrestaurantandbar.com/,,(251) 948-9663,4.6
Sbarro,"23679 Canal Rd, Orange Beach, AL 36561, USA",http://www.sbarro.com/,,(251) 571-3079,2.8
Barefoot Tours & Charters,"{'street': '5749 Bay La Launch Avenue', 'city': 'Orange Beach', 'state': 'AL', 'coordinates': {'lat': 30.3093009, 'lng': -87.5259481}}",https://www.barefootorangebeach.com/,,(251) 609-3444,4.9
San Bar at the wharf,"4851 Wharf Pkwy W, Orange Beach, AL 36561, USA, Gulf Shores, AL",https://alwharf.com/?utm_source=GBP&utm_medium=organic&utm_campaign=website,,(251) 224-1000,4.5
POUR Smart Bar,"{'street': '4851 Wharf Parkway, D-124', 'city': 'Orange Beach', 'state': 'AL', 'zip': '36561', 'coordinates': {}}",https://poursmartbar.com,,#ERROR!,4.9
Cosmos Restaurant and Bar,"{'street': '25753 Canal Rd.', 'city': 'Orange Beach', 'state': 'AL', 'zip': '36561', 'coordinates': {}}",https://cosmosrestaurantandbar.com,,251-948-9663,
The Wax Room and Body Bar,"27267 Perdido Beach Blvd Ste 207, Orange Beach, AL 36561, USA",http://mywaxroom.com/,,(251) 223-9489,5
Gulf State Park Romar Beach Access,"24450 Perdido Beach Blvd, Orange Beach, AL 36561, USA",,,,5
Tiki & Raw Bar,"{'street': '27844 Canal Rd', 'city': 'Orange Beach', 'state': 'AL', 'coordinates': {}}",https://www.tikibarorangebeach.com/,,(251) 277-4800,4.4
Oasis Beachside Cafe & Bar,"23450 Perdido Beach Blvd, Orange Beach, AL 36561, USA",,,,4
The Southern Grind Coffee House,"{'street': '4751 Main Street Suite 116', 'city': 'Orange Beach', 'state': 'AL', 'zip': '36561', 'coordinates': {}}",https://www.thesoutherngrind.com,,(251) 923-3265,
Haze Coffee Co.,"25187 Canal Rd, Orange Beach, AL 36561, USA",https://www.instagram.com/hazecoffeecompany?igsh=NTc4MTIwNjQ2YQ==,,(631) 626-7592,4.9
Walmart Bakery,"25241 Perdido Beach Blvd STE W, Orange Beach, AL 36561, USA",https://www.walmart.com/store/5653-orange-beach-al/bakery/,,(251) 968-5879,
Kayden’s Homemade Candies & Ice Cream,"25241 Perdido Beach Blvd Unit 107, Orange Beach, AL 36561, USA",http://kaydenscandyfactory.com/,,(251) 923-5500,4.3
Bad Ass Coffee of Hawaii,"24824 Canal Rd Suite A, Orange Beach, AL 36561, USA",https://badasscoffee.orderexperience.net/66f71b41f66b1f8f790a96c3/menu,,#ERROR!,4.6
Walmart Bakery - Orange Beach,"{'street': '25241 Perdido Beach Blvd Ste W', 'city': 'Orange Beach', 'state': 'AL', 'zip': '36561', 'coordinates': {'lat': 30.269256, 'lng': -87.594288}}",https://www.walmart.com/store/5653-orange-beach-al/bakery/,,251-974-1810,
The Southern Grind Coffee House at the WHARF,"4751 Main St #116, Orange Beach, AL 36561, USA",http://www.thesoutherngrind.com/,,(251) 923-3265,4.4
Coastal Coffee Co.,"27200 Perdido Beach Blvd, Orange Beach, AL 36561, USA",https://www.perdidobeachresort.com/Coastal-Coffee-Co,,(251) 981-9811,3.1
BuzzCatz Coffee & Sweets,"{'street': '25689 Canal Road Ste. A', 'city': 'Orange Beach', 'state': 'AL', 'zip': '36561'}",http://www.buzzcatzcoffeeandsweets.com/,,(251) 980-2899,4.5
The Wharf at Orange Beach,"{'street': '23101 Canal Road', 'city': 'Orange Beach', 'state': 'AL', 'zip': '36561', 'coordinates': {'lat': 30.28983, 'lng': -87.63002}}",https://alwharf.com,,251-224-1000,
Pelican Nest RV Resort & Campground,"Orange Beach, AL 36561, USA, Gulf Shores, AL",http://www.dauphinislandcampground.com/,,(251) 861-2338,4.6
The Undertow,"{'street': '25025 Canal Rd', 'city': 'Orange Beach', 'state': 'AL', 'zip': '36561', 'coordinates': {}}",https://theundertow.shop,,+1 251-981-3331,4.3
8 Reale,"{'street': '4851 Wharf Parkway W, Suite D-112', 'city': 'Orange Beach', 'state': 'AL', 'zip': '36561', 'coordinates': {}}",http://www.8realeobal.com,,251-484-0712,
Tiki & Raw Bar Orange Beach,"{'street': '27844 Canal Rd', 'city': 'Orange Beach', 'state': 'AL', 'coordinates': {}}",https://www.tikibarorangebeach.com,,251-277-4800,
SanRoc Cay Marina,"{'street': '27267 Perdido Beach Blvd', 'city': 'Orange Beach', 'state': 'AL', 'zip': '36561', 'coordinates': {}}",https://sanroccay.com/,,(251) 980-0016,
Surf Style,"{'street': '25033 Perdido Beach Blvd.', 'city': 'Orange Beach', 'state': 'AL', 'zip': '36561', 'coordinates': {}}",https://surfstyle.com,,,
Breakout Games - Orange Beach,"{'street': '4776 Main Street Suite L208', 'city': 'Orange Beach', 'state': 'AL', 'zip': '36561', 'coordinates': {}}",https://www.breakoutgames.com/orange-beach,,251-929-8330,
Prosperous Pelican Gallery,"24823 Commercial Ave #4, Orange Beach, AL 36561, USA, Gulf Shores, AL",,,(251) 981-2022,4.6
Bear Point Harbor,"{'street': '5749 Bay La Launch Avenue', 'city': 'Orange Beach', 'state': 'AL', 'zip': '36561', 'coordinates': {'lat': 30.18652, 'lng': -87.31647}}",http://bearpointharbor.com/,,(251) 981-2327,4.7
Happy Harbor Marina,"{'street': '27212 Marina Road', 'city': 'Orange Beach', 'state': 'AL', 'zip': '36561', 'coordinates': {}}",https://www.happyharbors.com/,,(251) 981-6111,
Happy Harbor,"{'street': '27212 Marina Road', 'city': 'Orange Beach', 'state': 'AL', 'zip': '36561'}",https://www.happyharbors.com,,(251) 981-6111,
Shipp's Dockside Grill,"{'street': '27075 Marina Road', 'city': 'Orange Beach', 'state': 'AL', 'zip': '36561-3557', 'coordinates': {}}",https://www.shippsdockside.com/,,(251) 412-7447,4.5
Barometer Waterfront Grille,"{'street': '27842 Canal Rd', 'city': 'Orange Beach', 'state': 'AL', 'zip': '36561', 'coordinates': {}}",https://www.barometerorangebeach.com,,(251) 451-5232,4.7
