name,address,website,facebook,instagram,phone,rating
Angry Crab Shack,"25751 Perdido Beach Blvd #1-A, Orange Beach, AL 36561",https://www.angrycrabshack.com/perdido-blvd-orange-beach-al/,https://www.facebook.com/angrycrabshackorangebeachal,,(251) 981-1136,4.5
Big Fish Restaurant & Bar,"25814 Canal Rd, Orange Beach, AL 36561",https://bigfishrestaurantbar.com,,,(251) 981-5516,4.5
Big Mike's Steakhouse (Orange Beach),"25638 Canal Rd, Orange Beach, AL 36561",https://bigmikessteakhouse.com,,,(251) 981-6453,4.5
BOLO Steak & Seafood,"25775 Perdido Beach Blvd, Orange Beach, AL 36561",https://www.bolorestaurant.com,,,(251) 981-6800,4.6
The Brick Oven (Orange Beach),"21040 State Hwy 180, Orange Beach AL 36561",https://thebrickovenob.com,,,(251) 981-3543,4.5
Brick & Spoon (Orange Beach),"24705 Canal Rd, Orange Beach AL 36561",https://brickandspoon.com,,,(251) 981-7772,4.5
BuzzCatz Coffee & Sweets,"25689 Canal Road, Orange Beach, AL 36561",https://buzzcatzcoffee.com,,,(251) 980-5862,4.7
Cactus Cantina – Orange Beach,"25908 Canal Rd, Orange Beach AL 36561",https://cactuscantinaob.com,,,(251) 981-8565,4.5
Ristorante Carmelo,"25747 Perdido Beach Blvd Suite 1, Orange Beach, AL",https://carmeloitalian.com,,,(251) 200-4375,4.5
COASTAL Orange Beach,"25722 Perdido Beach Blvd, Orange Beach, AL 36561",https://www.coastalorangebeach.com,,,(251) 240-6001,4.5
"Cobalt, The Restaurant","27842 Canal Rd, Orange Beach, AL 36561",https://cobaltrestaurant.net/,https://www.facebook.com/CobaltAlabama,https://www.instagram.com/cobalt_therestaurant,(251) 981-9891,4.7
Cosmo's Restaurant & Bar,"25753 Canal Rd, Orange Beach, AL 36561",https://www.cosmosob.com/,https://www.facebook.com/cosmosob,https://www.instagram.com/cosmosob,(251) 948-9663,4.6
Cotton's Restaurant & Lounge,"26009 Perdido Beach Blvd, Orange Beach, AL 36561",https://cottonsrestaurant.com,,,(251) 981-9268,4.5
Doc's Seafood & Steaks,"26029 Canal Rd, Orange Beach, AL 36561",,,,(251) 981-6999,4.5
Flora-Bama Ole River Grill,"17400 Perdido Key Dr, Perdido Key / Orange Beach Line",—,,,—,4.5
Flora-Bama Yacht Club,"17350 Perdido Key Drive, Perdido Key / Orange Beach Line",—,,,—,4.5
Groovy Goat (The Wharf),"4776 Main St Ste L208, Orange Beach, AL 36561",https://groovygoat.com,,,(251) 424-1700,4.5
GT's On The Bay,"27267 Perdido Beach Blvd, Orange Beach, AL 36561",https://gtsonthebay.com/,,,(251) 981-6100,4.6
Gulf Shores Steamer,"27267 Perdido Beach Blvd #115, Orange Beach, AL 36561",https://gulfshoressteamer.com,,,(251) 948-6344,4.5
Island Time Daiquiris (The Wharf),"4830 Wharf Pkwy G101A, Orange Beach AL 36561",,,,(251) 224-0265,4.5
The Keg Lounge & Grill (Orange Beach),"26796 Canal Rd, Orange Beach, AL 36561",,,,(251) 981-9461,4.5
Mamma Mia Pizzeria & Italian Grill,"24895 Canal Rd, Orange Beach AL 36561",https://mammamiaorangebeach.com,,,(251) 974-0775,4.5
Mikee's Seafood,"251 Gulf Shores Pkwy, Gulf Shores, AL 36542",https://mikeesseafood.com,,,(251) 948-6452,4.5
Mile Marker 158 Dockside (The Wharf),"4673 Wharf Pkwy W, Orange Beach, AL 36561",https://milemarker158.com,,,(251) 224-6500,4.5
Mile Marker 158 Dockside,"4673 Wharf Parkway W, Suite B, Orange Beach, AL 36561",https://milemarker158.com,,,(251) 224-6500 ext. 4,4.5
OSO Bear Point Restaurant,"5749 Bay La Launch Ave, Orange Beach, AL 36561",https://osobearpoint.com,,,(251) 345-6738,4.6
Papa's Pizza – Orange Beach,"25405 Perdido Beach Blvd #22, Orange Beach AL 36561",https://papaspizzaorangebeach.com,,,(251) 981-6777,4.5
Pelican Grill,"27267 Perdido Beach Blvd., Orange Beach, AL 36561",https://www.pelicangrillob.com,,,(251) 483-3665,4.5
Roasted Oak Restaurant & Wine Bar,"25775 Perdido Beach Blvd Ste A1, Orange Beach, AL 36561",https://roastedoakoba.com,,,(251) 980-8110,4.5
Rotolo's Pizzeria (Orange Beach),"25755 Perdido Beach Blvd, Orange Beach AL 36561",https://rotolos.com,,,(251) 981-8891,4.5
Ruby Slipper Café (Orange Beach),"24151 Perdido Beach Blvd, Orange Beach AL 36561",https://rubyslippercafe.net,,,(251) 923-4116,4.5
Shipp's Dockside Grill (Orange Beach Marina),"27267 Perdido Beach Blvd (Orange Beach Marina), Orange Beach, AL 36561",https://shippsdockside.com,,,(251) 981-5516,4.5
The Southern Grind – Hotel Indigo Location,"22843 Perdido Beach Blvd, Orange Beach AL 36561",,,,(251) 923-3265,4.5
The Southern Grind Coffee House – The Wharf,"4751 Main St #116, Orange Beach AL 36561",https://southerngrindcoffeehouse.com,,,(251) 923-3265,4.5
Surfside Pizza (Orange Beach),"25241 Perdido Beach Blvd, Orange Beach AL 36561",https://surfsidepizza.com,,,(251) 974-1010,4.5
Sweet Cone Alabama (Candy & Ice Cream),"26651 Perdido Beach Blvd Ste C, Orange Beach AL 36561",,,,(251) 981-1675,4.5
Tacky Jacks,"27206 Safe Harbor Dr, Orange Beach, AL 36561",https://tackyjacks.com,,,(251) 981-4144,4.3
Tee Off at The Wharf,"4619 Main Street Suite A102, Orange Beach, Alabama 36561",https://teeoffatthewharf.com,,,(251) 228-4899,4.5
Tequila Mexican Restaurant – Orange Beach,"25405 Perdido Beach Blvd Ste 1, Orange Beach AL 36561",https://tequilamexicanoba.com,,,(251) 981-5350,4.5
The Gulf,"27500 Perdido Beach Blvd, Orange Beach, AL 36561",https://thegulf.com/locations/orange-beach/,,,(251) 974-1100,4.8
Tiki & Raw Bar,"27844 Canal Rd, Orange Beach, AL",https://tikibarorangebeach.com,,,(251) 000-0000,4.5
The Undertow Bar & Grill (Orange Beach),"25025 Canal Rd, Orange Beach, AL 36561",https://undertowob.com,,,(251) 981-9811,4.5
Villaggio Grille,"4790 Main Street, Orange Beach, AL 36561",https://villaggiogrille.com/,,,(251) 224-4788,4.6
Wolf Bay Orange Beach,"24131 Perdido Beach Blvd, Orange Beach, AL 36561",https://www.wolfbay.com,,,(251) 965-5129,4.5
Wolf Bay Restaurant,"26619 Perdido Beach Blvd, Orange Beach, AL 36561",https://wolfbayrestaurant.com/,,,(251) 981-6991,4.5
